datetime,close,signal,position,equity
2026-04-14 15:05:00,74694.58,1,0,10000.0
2026-04-14 15:10:00,74756.43,1,0,10000.0
2026-04-14 15:15:00,74801.45,1,0,10000.0
2026-04-14 15:20:00,74909.0,1,0,10000.0
2026-04-14 15:25:00,74811.86,1,0,10000.0
2026-04-14 15:30:00,75090.5,1,0,10000.0
2026-04-14 15:35:00,75161.85,1,0,10000.0
2026-04-14 15:40:00,75284.0,1,0,10000.0
2026-04-14 15:45:00,75246.0,1,0,10000.0
2026-04-14 15:50:00,75433.2,1,0,10000.0
2026-04-14 15:55:00,75317.07,1,0,10000.0
2026-04-14 16:00:00,75469.03,1,0,10000.0
2026-04-14 16:05:00,75653.19,1,0,10000.0
2026-04-14 16:10:00,75489.99,1,0,10000.0
2026-04-14 16:15:00,75320.93,1,0,10000.0
2026-04-14 16:20:00,75214.0,1,0,10000.0
2026-04-14 16:25:00,75253.23,1,0,10000.0
2026-04-14 16:30:00,75174.07,1,0,10000.0
2026-04-14 16:35:00,75236.54,1,0,10000.0
2026-04-14 16:40:00,75208.5,1,0,10000.0
2026-04-14 16:45:00,75102.24,1,0,10000.0
2026-04-14 16:50:00,74783.4,1,0,10000.0
2026-04-14 16:55:00,74652.2,1,0,10000.0
2026-04-14 17:00:00,74666.26,1,0,10000.0
2026-04-14 17:05:00,74739.88,1,0,10000.0
2026-04-14 17:10:00,74793.84,1,0,10000.0
2026-04-14 17:15:00,74866.13,1,0,10000.0
2026-04-14 17:20:00,74850.01,1,0,10000.0
2026-04-14 17:25:00,74632.23,1,0,10000.0
2026-04-14 17:30:00,74354.87,1,0,10000.0
2026-04-14 17:35:00,74381.78,1,0,10000.0
2026-04-14 17:40:00,74550.05,1,0,10000.0
2026-04-14 17:45:00,74665.68,1,0,10000.0
2026-04-14 17:50:00,74674.98,1,0,10000.0
2026-04-14 17:55:00,74748.9,1,0,10000.0
2026-04-14 18:00:00,74768.28,1,0,10000.0
2026-04-14 18:05:00,74783.82,1,0,10000.0
2026-04-14 18:10:00,74676.0,1,0,10000.0
2026-04-14 18:15:00,74723.98,1,0,10000.0
2026-04-14 18:20:00,74491.47,1,0,10000.0
2026-04-14 18:25:00,74524.36,1,0,10000.0
2026-04-14 18:30:00,74419.41,1,0,10000.0
2026-04-14 18:35:00,74187.53,1,0,10000.0
2026-04-14 18:40:00,74298.3,1,0,10000.0
2026-04-14 18:45:00,73857.55,1,0,10000.0
2026-04-14 18:50:00,74091.4,1,0,10000.0
2026-04-14 18:55:00,74093.19,1,0,10000.0
2026-04-14 19:00:00,74199.81,1,0,10000.0
2026-04-14 19:05:00,74338.36,1,0,10000.0
2026-04-14 19:10:00,74262.61,1,0,10000.0
2026-04-14 19:15:00,74326.5,1,0,10000.0
2026-04-14 19:20:00,74017.77,1,0,10000.0
2026-04-14 19:25:00,74160.34,1,0,10000.0
2026-04-14 19:30:00,74106.79,1,0,10000.0
2026-04-14 19:35:00,74166.62,1,0,10000.0
2026-04-14 19:40:00,74119.19,1,0,10000.0
2026-04-14 19:45:00,74158.01,1,0,10000.0
2026-04-14 19:50:00,74238.0,1,0,10000.0
2026-04-14 19:55:00,74223.18,1,0,10000.0
2026-04-14 20:00:00,74294.25,1,0,10000.0
2026-04-14 20:05:00,74368.68,1,0,10000.0
2026-04-14 20:10:00,74413.65,1,0,10000.0
2026-04-14 20:15:00,74306.57,1,0,10000.0
2026-04-14 20:20:00,74200.0,1,0,10000.0
2026-04-14 20:25:00,74187.72,1,0,10000.0
2026-04-14 20:30:00,74198.01,1,0,10000.0
2026-04-14 20:35:00,74167.58,1,0,10000.0
2026-04-14 20:40:00,74250.0,1,0,10000.0
2026-04-14 20:45:00,74226.43,1,0,10000.0
2026-04-14 20:50:00,74143.49,1,0,10000.0
2026-04-14 20:55:00,74102.29,1,0,10000.0
2026-04-14 21:00:00,74292.69,1,0,10000.0
2026-04-14 21:05:00,74230.69,1,0,10000.0
2026-04-14 21:10:00,74206.8,1,0,10000.0
2026-04-14 21:15:00,74164.2,1,0,10000.0
2026-04-14 21:20:00,74055.0,1,0,10000.0
2026-04-14 21:25:00,74125.99,1,0,10000.0
2026-04-14 21:30:00,74051.01,1,0,10000.0
2026-04-14 21:35:00,74041.46,1,0,10000.0
2026-04-14 21:40:00,74016.8,1,0,10000.0
2026-04-14 21:45:00,74007.24,1,0,10000.0
2026-04-14 21:50:00,74213.57,1,0,10000.0
2026-04-14 21:55:00,74277.15,1,0,10000.0
2026-04-14 22:00:00,74162.01,1,0,10000.0
2026-04-14 22:05:00,74312.87,1,0,10000.0
2026-04-14 22:10:00,74310.94,1,0,10000.0
2026-04-14 22:15:00,74113.99,1,0,10000.0
2026-04-14 22:20:00,74070.97,1,0,10000.0
2026-04-14 22:25:00,73911.82,1,0,10000.0
2026-04-14 22:30:00,74002.66,1,0,10000.0
2026-04-14 22:35:00,73977.16,1,0,10000.0
2026-04-14 22:40:00,73970.0,1,0,10000.0
2026-04-14 22:45:00,74015.98,1,0,10000.0
2026-04-14 22:50:00,74070.74,1,0,10000.0
2026-04-14 22:55:00,74023.15,1,0,10000.0
2026-04-14 23:00:00,74108.0,1,0,10000.0
2026-04-14 23:05:00,74053.79,1,0,10000.0
2026-04-14 23:10:00,74094.8,1,0,10000.0
2026-04-14 23:15:00,74146.67,1,0,10000.0
2026-04-14 23:20:00,74109.93,1,0,10000.0
2026-04-14 23:25:00,74107.38,1,0,10000.0
2026-04-14 23:30:00,74149.93,1,0,10000.0
2026-04-14 23:35:00,74154.91,1,0,10000.0
2026-04-14 23:40:00,74136.15,1,0,10000.0
2026-04-14 23:45:00,74206.15,1,0,10000.0
2026-04-14 23:50:00,74058.22,1,0,10000.0
2026-04-14 23:55:00,74131.55,1,0,10000.0
2026-04-15 00:00:00,74544.45,0,0,10000.0
2026-04-15 00:05:00,74614.52,1,0,10000.0
2026-04-15 00:10:00,74542.32,1,0,10000.0
2026-04-15 00:15:00,74400.24,1,0,10000.0
2026-04-15 00:20:00,74576.0,1,0,10000.0
2026-04-15 00:25:00,74584.95,1,0,10000.0
2026-04-15 00:30:00,74510.0,1,0,10000.0
2026-04-15 00:35:00,74540.47,1,0,10000.0
2026-04-15 00:40:00,74554.89,1,0,10000.0
2026-04-15 00:45:00,74450.3,1,0,10000.0
2026-04-15 00:50:00,74440.0,1,0,10000.0
2026-04-15 00:55:00,74568.36,1,0,10000.0
2026-04-15 01:00:00,74638.08,1,0,10000.0
2026-04-15 01:05:00,74713.26,1,0,10000.0
2026-04-15 01:10:00,74742.65,1,0,10000.0
2026-04-15 01:15:00,74705.18,1,0,10000.0
2026-04-15 01:20:00,74594.88,1,0,10000.0
2026-04-15 01:25:00,74677.06,1,0,10000.0
2026-04-15 01:30:00,74634.99,1,0,10000.0
2026-04-15 01:35:00,74566.31,1,0,10000.0
2026-04-15 01:40:00,74634.94,1,0,10000.0
2026-04-15 01:45:00,74645.6,1,0,10000.0
2026-04-15 01:50:00,74618.67,1,0,10000.0
2026-04-15 01:55:00,74613.28,1,0,10000.0
2026-04-15 02:00:00,74642.6,1,0,10000.0
2026-04-15 02:05:00,74549.38,1,0,10000.0
2026-04-15 02:10:00,74543.15,1,0,10000.0
2026-04-15 02:15:00,74528.55,1,0,10000.0
2026-04-15 02:20:00,74459.22,1,0,10000.0
2026-04-15 02:25:00,74348.57,1,0,10000.0
2026-04-15 02:30:00,74206.1,1,0,10000.0
2026-04-15 02:35:00,74198.0,1,0,10000.0
2026-04-15 02:40:00,74276.59,1,0,10000.0
2026-04-15 02:45:00,74213.56,1,0,10000.0
2026-04-15 02:50:00,74291.3,1,0,10000.0
2026-04-15 02:55:00,74322.0,1,0,10000.0
2026-04-15 03:00:00,74254.01,1,0,10000.0
2026-04-15 03:05:00,74245.94,1,0,10000.0
2026-04-15 03:10:00,74226.08,1,0,10000.0
2026-04-15 03:15:00,74218.79,1,0,10000.0
2026-04-15 03:20:00,74305.89,1,0,10000.0
2026-04-15 03:25:00,74299.65,1,0,10000.0
2026-04-15 03:30:00,74300.04,1,0,10000.0
2026-04-15 03:35:00,74240.02,1,0,10000.0
2026-04-15 03:40:00,74233.7,1,0,10000.0
2026-04-15 03:45:00,74271.67,1,0,10000.0
2026-04-15 03:50:00,74283.3,1,0,10000.0
2026-04-15 03:55:00,74345.97,1,0,10000.0
2026-04-15 04:00:00,74418.47,1,0,10000.0
2026-04-15 04:05:00,74366.58,1,0,10000.0
2026-04-15 04:10:00,74344.14,1,0,10000.0
2026-04-15 04:15:00,74338.0,1,0,10000.0
2026-04-15 04:20:00,74330.21,1,0,10000.0
2026-04-15 04:25:00,74318.14,1,0,10000.0
2026-04-15 04:30:00,74297.33,1,0,10000.0
2026-04-15 04:35:00,74322.0,1,0,10000.0
2026-04-15 04:40:00,74332.16,1,0,10000.0
2026-04-15 04:45:00,74343.57,1,0,10000.0
2026-04-15 04:50:00,74345.27,1,0,10000.0
2026-04-15 04:55:00,74340.38,1,0,10000.0
2026-04-15 05:00:00,74345.98,1,0,10000.0
2026-04-15 05:05:00,74236.98,2,1,9985.007496251876
2026-04-15 05:10:00,74207.36,2,1,9981.023552912062
2026-04-15 05:15:00,74233.64,2,1,9984.55826023719
2026-04-15 05:20:00,74114.35,2,1,9968.51354041928
2026-04-15 05:25:00,74013.83,2,1,9954.993419402459
2026-04-15 05:30:00,74018.5,2,1,9955.621542812214
2026-04-15 05:35:00,73888.01,2,1,9938.070402825297
2026-04-15 05:40:00,73948.83,2,1,9946.250802350198
2026-04-15 05:45:00,73931.82,2,1,9943.962926718523
2026-04-15 05:50:00,73981.44,2,1,9950.636906074418
2026-04-15 05:55:00,74021.5,2,1,9956.025048214626
2026-04-15 06:00:00,73935.99,2,1,9944.523799227876
2026-04-15 06:05:00,73941.99,2,1,9945.3308100327
2026-04-15 06:10:00,73938.0,2,1,9944.794147847491
2026-04-15 06:15:00,73997.9,2,1,9952.85080571565
2026-04-15 06:20:00,73956.9,2,1,9947.336231882686
2026-04-15 06:25:00,73925.09,2,1,9943.05772959911
2026-04-15 06:30:00,73911.17,2,1,9941.185464531918
2026-04-15 06:35:00,73975.49,2,1,9949.836620359634
2026-04-15 06:40:00,73999.99,2,1,9953.131914479332
2026-04-15 06:45:00,73961.19,2,1,9947.913244608137
2026-04-15 06:50:00,73900.02,2,1,9939.685769452955
2026-04-15 06:55:00,73891.62,2,1,9938.5559543262
2026-04-15 07:00:00,73897.7,2,1,9939.373725275089
2026-04-15 07:05:00,73841.99,2,1,9931.880629952298
2026-04-15 07:10:00,73913.7,2,1,9941.525754087952
2026-04-15 07:15:00,73639.27,2,1,9904.614424893307
2026-04-15 07:20:00,73679.53,2,1,9910.029467393677
2026-04-15 07:25:00,73711.33,2,1,9914.306624659244
2026-04-15 07:30:00,73618.73,2,1,9901.851757904791
2026-04-15 07:35:00,73644.15,2,1,9905.27079368123
2026-04-15 07:40:00,73593.15,2,1,9898.411201840225
2026-04-15 07:45:00,73686.49,2,1,9910.965599927273
2026-04-15 07:50:00,73753.0,2,1,9919.911314698747
2026-04-15 07:55:00,73730.43,2,1,9916.8756090546
2026-04-15 08:00:00,73771.31,2,1,9922.374042671468
2026-04-15 08:05:00,73751.0,2,1,9919.64231109714
2026-04-15 08:10:00,73846.59,2,1,9932.499338235995
2026-04-15 08:15:00,73864.7,2,1,9934.935165848556
2026-04-15 08:20:00,73942.74,2,1,9945.431686383303
2026-04-15 08:25:00,73990.51,2,1,9951.85683740771
2026-04-15 08:30:00,74133.57,2,1,9971.098665030733
2026-04-15 08:35:00,74100.49,2,1,9966.649345460137
2026-04-15 08:40:00,74094.97,2,1,9965.906895519698
2026-04-15 08:45:00,74051.65,2,1,9960.080277508867
2026-04-15 08:50:00,74163.22,2,1,9975.086643424573
2026-04-15 08:55:00,74110.51,2,1,9967.997053504192
2026-04-15 09:00:00,74047.37,2,1,9959.504609801426
2026-04-15 09:05:00,74014.11,2,1,9955.031079906685
2026-04-15 09:10:00,74029.5,2,1,9957.10106262106
2026-04-15 09:15:00,74083.63,2,1,9964.381645098581
2026-04-15 09:20:00,74051.65,2,1,9960.080277508867
2026-04-15 09:25:00,73957.34,2,1,9947.39541267504
2026-04-15 09:30:00,73930.97,2,1,9943.84860018784
2026-04-15 09:35:00,73930.98,2,1,9943.849945205846
2026-04-15 09:40:00,73966.0,2,1,9948.560198270003
2026-04-15 09:45:00,73948.82,2,1,9946.249457332191
2026-04-15 09:50:00,73969.31,2,1,9949.005399230664
2026-04-15 09:55:00,74011.69,2,1,9954.70558554874
2026-04-15 10:00:00,74008.04,2,1,9954.214653975803
2026-04-15 10:05:00,74134.38,2,1,9971.207611489384
2026-04-15 10:10:00,74109.49,2,1,9967.859861667372
2026-04-15 10:15:00,74001.77,2,1,9953.371327684763
2026-04-15 10:20:00,73979.09,2,1,9950.320826842528
2026-04-15 10:25:00,73904.46,2,1,9940.282957448524
2026-04-15 10:30:00,73837.19,2,1,9931.235021308437
2026-04-15 10:35:00,73846.56,2,1,9932.495303181971
2026-04-15 10:40:00,74051.65,2,1,9960.080277508867
2026-04-15 10:45:00,74089.7,2,1,9965.19807102946
2026-04-15 10:50:00,74000.88,2,1,9953.251621082049
2026-04-15 10:55:00,73864.75,2,1,9934.941890938597
2026-04-15 11:00:00,73903.47,2,1,9940.149800665728
2026-04-15 11:05:00,73985.24,2,1,9951.148012917472
2026-04-15 11:10:00,74023.5,2,1,9956.294051816234
2026-04-15 11:15:00,73948.68,2,1,9946.230627080076
2026-04-15 11:20:00,73970.01,2,1,9949.099550491226
2026-04-15 11:25:00,73956.41,2,1,9947.270326000293
2026-04-15 11:30:00,73977.8,2,1,9950.14731951949
2026-04-15 11:35:00,74012.89,2,1,9954.866987709704
2026-04-15 11:40:00,74049.21,2,1,9959.752093114907
2026-04-15 11:45:00,74097.89,2,1,9966.299640778045
2026-04-15 11:50:00,74222.75,2,1,9983.093535626434
2026-04-15 11:55:00,74201.78,2,1,9980.273032863575
2026-04-15 12:00:00,74145.27,2,1,9972.67233610014
2026-04-15 12:05:00,74134.22,2,1,9971.186091201256
2026-04-15 12:10:00,74201.76,2,1,9980.270342827558
2026-04-15 12:15:00,74206.0,2,1,9980.840630462968
2026-04-15 12:20:00,74229.67,2,1,9984.024288087998
2026-04-15 12:25:00,74177.1,2,1,9976.953528419732
2026-04-15 12:30:00,74231.2,2,1,9984.230075843228
2026-04-15 12:35:00,74452.75,0,0,9999.012913401117
2026-04-15 12:40:00,74333.96,1,0,9999.012913401117
2026-04-15 12:45:00,74344.93,1,0,9999.012913401117
2026-04-15 12:50:00,74329.3,1,0,9999.012913401117
2026-04-15 12:55:00,74273.77,1,0,9999.012913401117
2026-04-15 13:00:00,74232.68,1,0,9999.012913401117
2026-04-15 13:05:00,74338.61,1,0,9999.012913401117
2026-04-15 13:10:00,74322.02,1,0,9999.012913401117
2026-04-15 13:15:00,74279.5,1,0,9999.012913401117
2026-04-15 13:20:00,74273.84,1,0,9999.012913401117
2026-04-15 13:25:00,74398.09,1,0,9999.012913401117
2026-04-15 13:30:00,74198.76,1,0,9999.012913401117
2026-04-15 13:35:00,74133.98,1,0,9999.012913401117
2026-04-15 13:40:00,73879.18,1,0,9999.012913401117
2026-04-15 13:45:00,73925.68,1,0,9999.012913401117
2026-04-15 13:50:00,73848.82,1,0,9999.012913401117
2026-04-15 13:55:00,74063.92,1,0,9999.012913401117
2026-04-15 14:00:00,73933.08,1,0,9999.012913401117
2026-04-15 14:05:00,73945.66,1,0,9999.012913401117
2026-04-15 14:10:00,74154.48,1,0,9999.012913401117
2026-04-15 14:15:00,74160.83,1,0,9999.012913401117
2026-04-15 14:20:00,74426.29,1,0,9999.012913401117
2026-04-15 14:25:00,74429.99,1,0,9999.012913401117
2026-04-15 14:30:00,74306.7,1,0,9999.012913401117
2026-04-15 14:35:00,73996.62,1,0,9999.012913401117
2026-04-15 14:40:00,73962.75,1,0,9999.012913401117
2026-04-15 14:45:00,74110.0,1,0,9999.012913401117
2026-04-15 14:50:00,74154.47,1,0,9999.012913401117
2026-04-15 14:55:00,74151.81,1,0,9999.012913401117
2026-04-15 15:00:00,74132.7,1,0,9999.012913401117
2026-04-15 15:05:00,74025.38,1,0,9999.012913401117
2026-04-15 15:10:00,74275.11,1,0,9999.012913401117
2026-04-15 15:15:00,74144.65,1,0,9999.012913401117
2026-04-15 15:20:00,74044.18,1,0,9999.012913401117
2026-04-15 15:25:00,74026.71,1,0,9999.012913401117
2026-04-15 15:30:00,73653.69,2,1,9984.021889542946
2026-04-15 15:35:00,73739.9,2,1,9995.707964294903
2026-04-15 15:40:00,73853.38,2,1,10011.09058536963
2026-04-15 15:45:00,73914.03,2,1,10019.311910432918
2026-04-15 15:50:00,73839.4,2,1,10009.195546220662
2026-04-15 15:55:00,73844.08,2,1,10009.82993700873
2026-04-15 16:00:00,73954.73,2,1,10024.828941431697
2026-04-15 16:05:00,73974.7,2,1,10027.535946567952
2026-04-15 16:10:00,74010.35,2,1,10032.368431951403
2026-04-15 16:15:00,74063.28,2,1,10039.543283321558
2026-04-15 16:20:00,74113.44,2,1,10046.342651255189
2026-04-15 16:25:00,74095.13,2,1,10043.860665073675
2026-04-15 16:30:00,74022.89,2,1,10034.06827393481
2026-04-15 16:35:00,74025.3,2,1,10034.394958079947
2026-04-15 16:40:00,73899.17,2,1,10017.297584127222
2026-04-15 16:45:00,74000.0,2,1,10030.96545232395
2026-04-15 16:50:00,73842.77,2,1,10009.652361809505
2026-04-15 16:55:00,73941.09,2,1,10022.979990502376
2026-04-15 17:00:00,74073.59,2,1,10040.940840805524
2026-04-15 17:05:00,74049.67,2,1,10037.698398999853
2026-04-15 17:10:00,74038.84,2,1,10036.230353650548
2026-04-15 17:15:00,74026.06,2,1,10034.497978806214
2026-04-15 17:20:00,74018.87,2,1,10033.52334851429
2026-04-15 17:25:00,74116.23,2,1,10046.720845763457
2026-04-15 17:30:00,74143.47,2,1,10050.41332547861
2026-04-15 17:35:00,74076.84,2,1,10041.381389963903
2026-04-15 17:40:00,73980.0,2,1,10028.254380580078
2026-04-15 17:45:00,73999.35,2,1,10030.877342492275
2026-04-15 17:50:00,74114.86,2,1,10046.535137349003
2026-04-15 17:55:00,74134.95,2,1,10049.25840891572
2026-04-15 18:00:00,74242.54,2,1,10063.842619361876
2026-04-15 18:05:00,74222.0,2,1,10061.058348680921
2026-04-15 18:10:00,74283.8,2,1,10069.435560369484
2026-04-15 18:15:00,74310.88,2,1,10073.106351510687
2026-04-15 18:20:00,74275.12,2,1,10068.258955232643
2026-04-15 18:25:00,74202.93,2,1,10058.473341773139
2026-04-15 18:30:00,74310.48,2,1,10073.052130075808
2026-04-15 18:35:00,74262.04,2,1,10066.48591431215
2026-04-15 18:40:00,74311.69,2,1,10073.216149916312
2026-04-15 18:45:00,74344.8,2,1,10077.704329188293
2026-04-15 18:50:00,74368.33,2,1,10080.893905094956
2026-04-15 18:55:00,74390.29,2,1,10083.870661869725
2026-04-15 19:00:00,74453.28,2,1,10092.40918232705
2026-04-15 19:05:00,74679.83,2,1,10123.118847505753
2026-04-15 19:10:00,74644.74,2,1,10118.362272131131
2026-04-15 19:15:00,74654.04,2,1,10119.62292049203
2026-04-15 19:20:00,74646.39,2,1,10118.58593555
2026-04-15 19:25:00,74719.99,2,1,10128.562679567447
2026-04-15 19:30:00,74944.43,2,1,10158.98632667717
2026-04-15 19:35:00,75144.03,2,1,10186.042822681005
2026-04-15 19:40:00,75068.15,2,1,10175.757016484757
2026-04-15 19:45:00,75037.79,2,1,10171.64160957756
2026-04-15 19:50:00,75060.83,2,1,10174.764764226502
2026-04-15 19:55:00,75002.6,2,1,10166.871478844221
2026-04-15 20:00:00,74855.01,2,1,10146.86512491032
2026-04-15 20:05:00,74770.07,2,1,10135.3512032141
2026-04-15 20:10:00,74668.55,2,1,10121.589803042209
2026-04-15 20:15:00,74603.1,2,1,10112.71782076039
2026-04-15 20:20:00,74635.5,2,1,10117.109756985461
2026-04-15 20:25:00,74766.13,2,1,10134.817122080558
2026-04-15 20:30:00,74763.94,2,1,10134.520259724604
2026-04-15 20:35:00,74670.89,2,1,10121.906998436241
2026-04-15 20:40:00,74738.77,2,1,10131.108375934942
2026-04-15 20:45:00,74773.6,2,1,10135.829707376894
2026-04-15 20:50:00,74844.73,2,1,10145.471634033971
2026-04-15 20:55:00,74841.68,2,1,10145.05819559303
2026-04-15 21:00:00,74792.1,2,1,10138.337448739974
2026-04-15 21:05:00,74760.0,2,1,10133.98617859106
2026-04-15 21:10:00,74724.37,2,1,10129.156404279353
2026-04-15 21:15:00,74641.84,2,1,10117.969166728268
2026-04-15 21:20:00,74677.15,2,1,10122.755563892073
2026-04-15 21:25:00,74639.56,2,1,10117.660104549466
2026-04-15 21:30:00,74553.99,2,1,10106.060784093315
2026-04-15 21:35:00,74713.66,2,1,10127.704625360511
2026-04-15 21:40:00,74730.02,2,1,10129.922282046999
2026-04-15 21:45:00,74739.58,2,1,10131.218174340569
2026-04-15 21:50:00,74801.01,2,1,10139.545231201868
2026-04-15 21:55:00,74743.1,2,1,10131.695322967491
2026-04-15 22:00:00,74999.24,2,1,10166.41601879125
2026-04-15 22:05:00,75137.57,2,1,10185.167146507736
2026-04-15 22:10:00,75040.14,2,1,10171.960160507466
2026-04-15 22:15:00,74915.85,2,1,10155.11220515518
2026-04-15 22:20:00,75000.36,2,1,10166.567838808907
2026-04-15 22:25:00,74990.54,2,1,10165.236702582664
2026-04-15 22:30:00,74976.39,2,1,10163.318619323876
2026-04-15 22:35:00,75285.0,2,1,10205.151811867683
2026-04-15 22:40:00,75054.01,2,1,10173.840288761841
2026-04-15 22:45:00,75127.55,2,1,10183.808899564056
2026-04-15 22:50:00,75088.01,2,1,10178.449110726422
2026-04-15 22:55:00,74964.0,2,1,10161.639110378548
2026-04-15 23:00:00,74820.01,2,1,10142.120749358546
2026-04-15 23:05:00,74780.83,2,1,10136.809759812302
2026-04-15 23:10:00,74748.92,2,1,10132.484244844956
2026-04-15 23:15:00,74725.15,2,1,10129.262136077365
2026-04-15 23:20:00,74704.43,2,1,10126.453465750714
2026-04-15 23:25:00,74737.87,2,1,10130.986377706466
2026-04-15 23:30:00,74704.31,2,1,10126.437199320251
2026-04-15 23:35:00,74649.87,2,1,10119.057662033432
2026-04-15 23:40:00,74656.21,2,1,10119.91707177624
2026-04-15 23:45:00,74754.63,2,1,10133.258255827832
2026-04-15 23:50:00,74813.94,2,1,10141.297939084281
2026-04-15 23:55:00,74809.99,2,1,10140.762502414867
2026-04-16 00:00:00,74650.0,2,1,10119.075283999768
2026-04-16 00:05:00,74635.48,2,1,10117.107045913717
2026-04-16 00:10:00,74607.54,2,1,10113.319678687529
2026-04-16 00:15:00,74591.32,2,1,10111.120999503251
2026-04-16 00:20:00,74499.3,2,1,10098.647358409698
2026-04-16 00:25:00,74595.58,2,1,10111.698457784694
2026-04-16 00:30:00,74849.99,2,1,10146.184645902611
2026-04-16 00:35:00,74774.37,2,1,10135.934083639031
2026-04-16 00:40:00,74770.18,2,1,10135.36611410869
2026-04-16 00:45:00,74705.87,2,1,10126.648662916272
2026-04-16 00:50:00,74752.87,2,1,10133.01968151437
2026-04-16 00:55:00,74815.1,2,1,10141.455181245427
2026-04-16 01:00:00,74686.66,2,1,10124.044678506285
2026-04-16 01:05:00,74595.99,2,1,10111.754034755444
2026-04-16 01:10:00,74568.23,2,1,10107.99106717495
2026-04-16 01:15:00,74633.42,2,1,10116.827805524099
2026-04-16 01:20:00,74599.99,2,1,10112.296249104218
2026-04-16 01:25:00,74617.47,2,1,10114.665725808361
2026-04-16 01:30:00,74677.57,2,1,10122.812496398696
2026-04-16 01:35:00,74600.49,2,1,10112.364025897816
2026-04-16 01:40:00,74688.0,2,1,10124.226320313124
2026-04-16 01:45:00,74696.99,2,1,10125.444947061995
2026-04-16 01:50:00,74648.96,2,1,10118.934308269088
2026-04-16 01:55:00,74657.66,2,1,10120.113624477672
2026-04-16 02:00:00,74694.59,2,1,10125.119618452729
2026-04-16 02:05:00,74601.27,2,1,10112.469757695826
2026-04-16 02:10:00,74678.54,2,1,10122.943983378273
2026-04-16 02:15:00,74636.09,2,1,10117.189733601905
2026-04-16 02:20:00,74733.87,2,1,10130.444163357692
2026-04-16 02:25:00,74896.51,0,0,10137.266939125984
2026-04-16 02:30:00,74960.27,1,0,10137.266939125984
2026-04-16 02:35:00,75048.63,1,0,10137.266939125984
2026-04-16 02:40:00,75197.93,1,0,10137.266939125984
2026-04-16 02:45:00,74978.73,1,0,10137.266939125984
2026-04-16 02:50:00,74895.99,1,0,10137.266939125984
2026-04-16 02:55:00,74887.24,1,0,10137.266939125984
2026-04-16 03:00:00,74994.48,1,0,10137.266939125984
2026-04-16 03:05:00,74944.04,1,0,10137.266939125984
2026-04-16 03:10:00,74955.38,1,0,10137.266939125984
2026-04-16 03:15:00,75068.42,1,0,10137.266939125984
2026-04-16 03:20:00,75066.0,1,0,10137.266939125984
2026-04-16 03:25:00,75037.84,1,0,10137.266939125984
2026-04-16 03:30:00,74970.14,1,0,10137.266939125984
2026-04-16 03:35:00,74982.01,1,0,10137.266939125984
2026-04-16 03:40:00,74965.68,1,0,10137.266939125984
2026-04-16 03:45:00,74932.29,1,0,10137.266939125984
2026-04-16 03:50:00,74960.39,1,0,10137.266939125984
2026-04-16 03:55:00,74888.21,1,0,10137.266939125984
2026-04-16 04:00:00,74865.75,1,0,10137.266939125984
2026-04-16 04:05:00,74925.54,1,0,10137.266939125984
2026-04-16 04:10:00,74940.11,1,0,10137.266939125984
2026-04-16 04:15:00,74937.49,1,0,10137.266939125984
2026-04-16 04:20:00,74884.0,1,0,10137.266939125984
2026-04-16 04:25:00,74921.99,1,0,10137.266939125984
2026-04-16 04:30:00,74952.97,1,0,10137.266939125984
2026-04-16 04:35:00,75033.79,1,0,10137.266939125984
2026-04-16 04:40:00,75109.36,1,0,10137.266939125984
2026-04-16 04:45:00,74826.01,1,0,10137.266939125984
2026-04-16 04:50:00,74948.87,1,0,10137.266939125984
2026-04-16 04:55:00,74944.15,1,0,10137.266939125984
2026-04-16 05:00:00,75008.35,1,0,10137.266939125984
2026-04-16 05:05:00,74917.99,1,0,10137.266939125984
2026-04-16 05:10:00,74913.89,1,0,10137.266939125984
2026-04-16 05:15:00,74994.0,1,0,10137.266939125984
2026-04-16 05:20:00,75045.78,1,0,10137.266939125984
2026-04-16 05:25:00,75070.23,1,0,10137.266939125984
2026-04-16 05:30:00,75101.99,1,0,10137.266939125984
2026-04-16 05:35:00,75111.17,1,0,10137.266939125984
2026-04-16 05:40:00,75055.51,1,0,10137.266939125984
2026-04-16 05:45:00,75040.51,1,0,10137.266939125984
2026-04-16 05:50:00,75054.81,1,0,10137.266939125984
2026-04-16 05:55:00,75043.48,1,0,10137.266939125984
2026-04-16 06:00:00,75020.5,1,0,10137.266939125984
2026-04-16 06:05:00,75081.49,1,0,10137.266939125984
2026-04-16 06:10:00,75009.79,1,0,10137.266939125984
2026-04-16 06:15:00,75082.51,1,0,10137.266939125984
2026-04-16 06:20:00,75043.89,1,0,10137.266939125984
2026-04-16 06:25:00,75020.18,1,0,10137.266939125984
2026-04-16 06:30:00,74992.59,1,0,10137.266939125984
2026-04-16 06:35:00,75006.09,1,0,10137.266939125984
2026-04-16 06:40:00,74940.92,1,0,10137.266939125984
2026-04-16 06:45:00,75000.0,1,0,10137.266939125984
2026-04-16 06:50:00,74982.0,1,0,10137.266939125984
2026-04-16 06:55:00,75045.01,1,0,10137.266939125984
2026-04-16 07:00:00,75062.52,1,0,10137.266939125984
2026-04-16 07:05:00,74971.91,1,0,10137.266939125984
2026-04-16 07:10:00,74905.19,1,0,10137.266939125984
2026-04-16 07:15:00,74914.16,1,0,10137.266939125984
2026-04-16 07:20:00,74909.72,1,0,10137.266939125984
2026-04-16 07:25:00,74903.01,1,0,10137.266939125984
2026-04-16 07:30:00,74888.7,1,0,10137.266939125984
2026-04-16 07:35:00,74864.11,1,0,10137.266939125984
2026-04-16 07:40:00,74859.84,1,0,10137.266939125984
2026-04-16 07:45:00,74761.14,1,0,10137.266939125984
2026-04-16 07:50:00,74648.4,1,0,10137.266939125984
2026-04-16 07:55:00,74707.03,1,0,10137.266939125984
2026-04-16 08:00:00,74613.82,1,0,10137.266939125984
2026-04-16 08:05:00,74533.87,1,0,10137.266939125984
2026-04-16 08:10:00,74520.72,1,0,10137.266939125984
2026-04-16 08:15:00,74618.75,1,0,10137.266939125984
2026-04-16 08:20:00,74674.06,1,0,10137.266939125984
2026-04-16 08:25:00,74688.78,1,0,10137.266939125984
2026-04-16 08:30:00,74702.19,1,0,10137.266939125984
2026-04-16 08:35:00,74664.36,1,0,10137.266939125984
2026-04-16 08:40:00,74672.37,1,0,10137.266939125984
2026-04-16 08:45:00,74721.01,1,0,10137.266939125984
2026-04-16 08:50:00,74690.47,1,0,10137.266939125984
2026-04-16 08:55:00,74677.91,1,0,10137.266939125984
2026-04-16 09:00:00,74736.43,1,0,10137.266939125984
2026-04-16 09:05:00,74724.0,1,0,10137.266939125984
2026-04-16 09:10:00,74747.3,1,0,10137.266939125984
2026-04-16 09:15:00,74823.07,1,0,10137.266939125984
2026-04-16 09:20:00,74876.0,1,0,10137.266939125984
2026-04-16 09:25:00,74824.36,1,0,10137.266939125984
2026-04-16 09:30:00,74764.8,1,0,10137.266939125984
2026-04-16 09:35:00,74781.09,1,0,10137.266939125984
2026-04-16 09:40:00,74697.89,1,0,10137.266939125984
2026-04-16 09:45:00,74604.0,1,0,10137.266939125984
2026-04-16 09:50:00,74649.99,1,0,10137.266939125984
2026-04-16 09:55:00,74594.02,1,0,10137.266939125984
2026-04-16 10:00:00,74574.0,1,0,10137.266939125984
2026-04-16 10:05:00,74555.22,1,0,10137.266939125984
2026-04-16 10:10:00,74424.38,1,0,10137.266939125984
2026-04-16 10:15:00,74355.97,1,0,10137.266939125984
2026-04-16 10:20:00,74444.0,1,0,10137.266939125984
2026-04-16 10:25:00,74460.66,1,0,10137.266939125984
2026-04-16 10:30:00,74472.61,1,0,10137.266939125984
2026-04-16 10:35:00,74462.68,1,0,10137.266939125984
2026-04-16 10:40:00,74394.0,1,0,10137.266939125984
2026-04-16 10:45:00,74277.34,1,0,10137.266939125984
2026-04-16 10:50:00,74346.12,1,0,10137.266939125984
2026-04-16 10:55:00,74313.0,1,0,10137.266939125984
2026-04-16 11:00:00,74377.81,1,0,10137.266939125984
2026-04-16 11:05:00,74312.81,1,0,10137.266939125984
2026-04-16 11:10:00,74322.54,1,0,10137.266939125984
2026-04-16 11:15:00,74285.01,1,0,10137.266939125984
2026-04-16 11:20:00,74317.97,1,0,10137.266939125984
2026-04-16 11:25:00,74378.97,1,0,10137.266939125984
2026-04-16 11:30:00,74436.76,1,0,10137.266939125984
2026-04-16 11:35:00,74408.01,1,0,10137.266939125984
2026-04-16 11:40:00,74453.88,1,0,10137.266939125984
2026-04-16 11:45:00,74474.52,1,0,10137.266939125984
2026-04-16 11:50:00,74547.43,1,0,10137.266939125984
2026-04-16 11:55:00,74574.79,1,0,10137.266939125984
2026-04-16 12:00:00,74744.99,1,0,10137.266939125984
2026-04-16 12:05:00,74665.35,1,0,10137.266939125984
2026-04-16 12:10:00,74748.87,1,0,10137.266939125984
2026-04-16 12:15:00,74746.18,1,0,10137.266939125984
2026-04-16 12:20:00,74698.02,1,0,10137.266939125984
2026-04-16 12:25:00,74713.25,1,0,10137.266939125984
2026-04-16 12:30:00,74714.99,1,0,10137.266939125984
2026-04-16 12:35:00,74643.0,1,0,10137.266939125984
2026-04-16 12:40:00,74664.66,1,0,10137.266939125984
2026-04-16 12:45:00,74606.55,1,0,10137.266939125984
2026-04-16 12:50:00,74604.58,1,0,10137.266939125984
2026-04-16 12:55:00,74624.0,1,0,10137.266939125984
2026-04-16 13:00:00,74636.98,1,0,10137.266939125984
2026-04-16 13:05:00,74754.52,1,0,10137.266939125984
2026-04-16 13:10:00,74819.06,1,0,10137.266939125984
2026-04-16 13:15:00,74924.63,1,0,10137.266939125984
2026-04-16 13:20:00,74923.09,1,0,10137.266939125984
2026-04-16 13:25:00,74975.5,1,0,10137.266939125984
2026-04-16 13:30:00,74804.94,1,0,10137.266939125984
2026-04-16 13:35:00,74615.75,1,0,10137.266939125984
2026-04-16 13:40:00,74601.26,1,0,10137.266939125984
2026-04-16 13:45:00,74489.48,1,0,10137.266939125984
2026-04-16 13:50:00,73432.33,2,1,10122.068637867926
2026-04-16 13:55:00,73788.03,2,1,10171.099082829833
2026-04-16 14:00:00,73697.26,2,1,10158.587152863027
2026-04-16 14:05:00,73947.95,2,1,10193.142795954116
2026-04-16 14:10:00,73944.01,2,1,10177.315894722336
