side,entry_step,exit_step,entry_price,exit_price,pnl,hold_bars
long,151,154,1948.57,1956.01,30.154110746037986,3
short,171,172,1994.52,2004.1,-52.20817699474355,1
short,291,294,1989.26,1988.79,-1.6328291200861713,3
long,379,381,2018.23,2015.51,-21.40414981262984,2
long,563,564,1970.25,1963.44,-42.32489304287628,1
long,613,615,1967.61,1967.07,-10.64127514060965,2
long,741,742,1917.51,1916.34,-13.950143119653148,1
short,755,756,1929.84,1942.25,-67.53926460527146,1
long,842,852,1963.21,1955.89,-44.41369662929901,10
short,888,891,1932.8,1943.01,-55.539331509291515,3
short,1017,1018,1964.66,1961.17,13.374783665212817,1
short,1058,1059,1968.74,1977.01,-44.75351363409027,1
short,1282,1289,1976.01,1977.66,-11.955243011681887,7
short,1433,1434,1978.41,1978.78,-5.673714434778958,1
short,1623,1630,1936.72,1942.42,-32.292273211052816,7
short,1714,1725,1874.11,1858.89,74.32091706326901,11
short,1761,1764,1861.55,1868.25,-38.78203075456622,3
long,2003,2004,1845.7,1825.98,-110.77565586901437,1
short,2039,2041,1816.67,1829.85,-73.07608622452426,2
short,2078,2079,1830.07,1829.05,1.4914971581802092,1
long,2082,2083,1823.7,1823.45,-8.867774991816987,1
long,2097,2100,1829.73,1824.23,-35.971759293703144,3
short,2119,2131,1827.51,1823.93,14.695828843530762,12
long,2151,2152,1810.83,1814.74,12.810783228540458,1
long,2206,2212,1850.76,1856.23,20.345616919625172,6
long,2246,2251,1847.81,1852.48,16.33812895603478,5
long,2274,2276,1852.9,1851.94,-12.495079838441598,2
short,2291,2292,1904.02,1909.27,-29.91720984751555,1
long,2511,2514,2062.19,2072.44,39.33517299535015,3
long,2536,2537,2118.33,2111.4,-38.56817484095518,1
long,2556,2557,2069.13,2067.41,-15.39191078658041,1
short,2650,2661,2066.97,2053.9,55.85397444375849,11
short,2716,2720,2068.2,2070.0,-12.045822827887605,4
short,2742,2750,2040.35,2022.79,77.71086276571987,8
long,2833,2841,2029.07,2028.2,-11.718314930789347,8
long,2850,2851,2026.47,2027.33,-3.5801023926651396,1
short,3020,3026,1963.35,1951.59,53.27150796465321,6
short,3123,3124,1890.25,1906.88,-88.12620337673434,1
short,3125,3128,1921.77,1921.4,-1.968012600664224,3
short,3135,3138,1930.78,1929.72,1.4147739054260455,3
short,3196,3203,1926.07,1927.82,-12.413346976512912,7
short,3216,3217,1894.76,1891.82,10.910270697007945,1
short,3253,3265,1861.72,1858.54,12.404065921551592,12
long,3294,3295,1865.15,1865.88,-3.877361406788623,1
short,3298,3306,1870.35,1891.87,-112.96513391489134,8
short,3450,3451,1989.14,2005.91,-82.77310101579496,1
long,3478,3479,2019.41,2013.33,-35.35807234850654,1
short,3564,3565,1987.54,1987.64,-4.165786309569739,1
short,3595,3596,2017.72,2006.58,47.35733370789421,1
long,3619,3620,2005.95,1993.38,-65.59107099519133,1
short,3692,3695,1928.98,1946.08,-85.48709611028426,3
short,3821,3824,1938.96,1949.34,-52.583976259131305,3
short,3850,3858,1938.4,1949.18,-54.159688109610215,8
short,3893,3894,1966.24,1977.21,-53.98739783396195,1
long,4029,4030,2010.99,2012.01,-2.627432241817587,1
short,4067,4068,2010.55,2014.61,-21.70283163120621,1
short,4194,4198,1967.39,1998.99,-147.29116005417018,4
long,4215,4218,1963.63,1981.15,71.37336876959671,3
short,4224,4228,1981.34,1995.94,-68.90566099218267,4
short,4276,4278,1982.43,1981.94,-1.3436868545486504,2
long,4297,4299,1980.12,1968.46,-58.764397834536794,2
long,4321,4328,1976.27,1979.24,6.130220633012868,7
short,4335,4340,1948.07,1960.9,-61.079445233033766,5
short,4360,4361,1965.77,1972.63,-33.76338806386411,1
long,4426,4429,2067.1,2070.35,6.664915641227708,3
long,4467,4468,2106.94,2084.39,-99.40035562993035,1
long,4543,4544,2159.89,2150.13,-45.43513520054148,1
short,4594,4595,2137.4,2136.78,-0.9341005951810075,1
long,4599,4602,2124.03,2111.32,-57.62447721371245,3
short,4606,4618,2129.4,2122.07,25.697331233861405,12
long,4650,4654,2116.28,2112.14,-23.32171869731792,4
short,4667,4669,2129.34,2129.99,-5.956362877492211,2
long,4675,4677,2096.3,2098.93,3.8288552853446163,2
short,4693,4695,2129.34,2130.42,-7.658706859323502,2
long,4707,4716,2160.31,2147.01,-58.603358321292035,9
short,4808,4811,2076.59,2087.83,-48.682163260871675,3
short,5036,5048,2019.88,1981.55,154.64755932621392,12
short,5086,5095,1974.57,1975.7,-8.24189414704415,9
short,5170,5178,1983.23,1981.6,3.5735973915325303,8
short,5179,5181,1981.68,1979.94,4.049986830073976,2
short,5191,5195,1980.09,1995.07,-67.48308791722957,4
short,5225,5228,1978.61,1979.01,-5.058986391733924,3
short,5335,5340,1987.8,1984.77,9.440954477902778,5
long,5373,5374,1970.28,1970.24,-6.88862577519285,1
short,5410,5411,1968.32,1967.91,-1.6087357355772838,1
short,5439,5440,1972.11,1970.19,4.815543589429581,1
long,5457,5461,1966.73,1970.15,7.871718932450676,4
short,5477,5481,1969.11,1946.71,92.25065675875521,4
short,5503,5505,1934.29,1940.45,-30.4522398836707,2
short,5517,5519,1951.43,1946.79,16.739338365869116,2
long,5569,5573,1976.5,1972.77,-22.75865726054144,4
short,5649,5661,1945.16,1935.21,39.87150885770643,12
short,5676,5677,1952.97,1959.67,-32.53604331911811,1
short,5709,5715,1920.72,1934.98,-66.18925336287248,6
long,5737,5741,1934.03,1956.07,88.8075888218209,4
long,5864,5866,1995.41,1997.98,4.130102980379888,2
short,5884,5885,2009.6,2002.66,25.908233054324228,1
long,5940,5943,2025.86,2019.15,-34.95103493203351,3
short,6030,6032,2019.41,2015.37,13.56421087538547,2
long,6051,6063,2038.25,2041.89,8.352581264667606,12
short,6200,6201,2075.19,2085.73,-46.53878307742525,1
short,6268,6271,2045.38,2042.14,10.001418307321728,3
long,6282,6283,2026.29,2028.63,2.9930772349434847,1
short,6304,6305,2034.85,2033.75,1.1899291800036735,1
long,6380,6382,2014.63,2014.82,-5.96368231201086,2
short,6416,6421,2023.76,2020.68,9.482041816110723,5
long,6428,6440,2017.87,2028.68,38.49731738232731,12
short,6468,6469,2040.66,2044.76,-20.469628992033904,1
long,6549,6557,2071.69,2070.59,-11.26927160899504,8
long,6578,6580,2068.58,2063.11,-29.119402818349045,2
short,6617,6626,2051.63,2039.86,45.014822731393,9
long,6713,6714,2061.33,2053.92,-37.216282780722395,1
short,6759,6760,2071.0,2072.99,-11.485649191921766,1
long,6774,6775,2042.86,2043.03,-6.03639419540923,1
long,6790,6797,2059.23,2071.02,41.42605788536821,7
long,6806,6810,2061.53,2062.9,-1.147911735541129,4
long,6854,6855,2060.91,2058.5,-16.647292609792203,1
short,6872,6873,2065.3,2080.66,-66.18381402448722,1
long,6888,6892,2107.31,2132.0,91.33457746094427,4
long,6947,6949,2104.99,2107.44,3.0749377921256382,2
short,6962,6970,2096.35,2100.77,-21.24919933232195,8
long,7044,7056,2197.14,2192.98,-22.730904839831055,12
short,7122,7127,2104.28,2109.51,-24.310997764199783,5
long,7148,7149,2103.07,2090.75,-55.86290683962761,1
short,7188,7193,2090.28,2090.24,-3.176907100760218,5
short,7194,7198,2093.25,2094.58,-8.633102228304779,4
short,7290,7302,2066.48,2064.89,3.077859648044978,12
short,7313,7314,2075.3,2076.1,-6.542268213624993,1
long,7392,7393,2073.38,2073.84,-4.80850465812,1
short,7398,7406,2076.95,2077.62,-6.008906890852813,8
long,7449,7451,2092.94,2093.97,-2.558165422129605,2
long,7524,7530,2110.46,2108.41,-14.69988513165481,6
short,7672,7674,2096.52,2098.18,-9.881611364449782,2
long,7675,7677,2116.95,2109.68,-35.02297727269979,2
long,7707,7714,2123.61,2126.0,2.677303173830296,7
long,7789,7793,2207.06,2238.4,110.39138958596413,4
long,7831,7835,2262.3,2266.01,7.009315451065049,4
short,7999,8001,2342.83,2355.01,-46.83774872051799,2
short,8111,8113,2315.41,2320.07,-20.06525697034158,2
short,8116,8119,2321.59,2312.91,27.698245806850537,3
long,8144,8146,2320.66,2311.19,-40.569709320212496,2
short,8200,8204,2343.33,2328.65,48.565614251056104,4
short,8342,8344,2330.16,2330.13,-3.222950423387374,2
short,8428,8432,2322.2,2322.59,-4.726018995967024,4
short,8532,8533,2185.8,2195.05,-38.520512119961495,1
short,8566,8567,2165.24,2171.7,-28.002366238340983,1
short,8580,8583,2193.74,2193.17,-1.1549585364573431,3
long,8625,8627,2191.56,2191.12,-8.243386896045195,2
long,8652,8655,2224.17,2220.2,-21.266235107772445,3
short,8820,8821,2118.25,2125.23,-30.35280857219186,1
long,8877,8884,2146.58,2137.68,-40.4258048536185,7
short,8985,8988,2127.46,2132.11,-21.051820663218678,3
short,9058,9062,2142.51,2146.8,-19.50423362676429,4
long,9156,9161,2148.03,2144.67,-19.125840353450258,5
short,9199,9202,2152.93,2155.28,-12.049203067162125,3
long,9243,9246,2151.55,2152.2,-4.013768699328466,3
short,9304,9306,2158.27,2158.69,-4.792315136924117,2
long,9349,9350,2156.35,2156.04,-7.595727316253033,1
short,9359,9360,2165.01,2164.45,-1.1364520610932232,1
long,9366,9367,2156.78,2154.5,-14.924856586000715,1
short,9474,9476,2122.93,2084.87,140.7454270769449,2
long,9506,9518,2106.0,2114.14,25.00580725274176,12
long,9547,9549,2114.19,2111.57,-16.69224125123037,2
short,9568,9570,2099.49,2103.57,-19.160847542006195,2
short,9633,9634,2088.33,2087.39,0.4097796901660331,1
short,9699,9700,2069.34,2064.99,13.88202980677579,1
short,9750,9752,2060.65,2062.67,-11.27228197446675,2
long,9770,9771,2053.98,2046.29,-37.0121556821523,1
long,9898,9901,2158.76,2156.56,-14.7517402064841,3
long,9948,9951,2171.47,2159.11,-52.54264992975459,3
short,10024,10030,2161.83,2150.07,40.572423002236064,6
short,10094,10101,2139.16,2143.88,-21.08314188685472,7
long,10113,10116,2130.71,2133.36,3.572014564472738,3
long,10162,10164,2154.36,2152.06,-15.056374619463895,2
long,10297,10298,2145.24,2141.78,-19.415125103604623,1
long,10402,10404,2174.9,2170.86,-21.332108744212746,2
long,10424,10426,2163.81,2167.11,5.801125447749655,2
short,10427,10432,2172.17,2173.87,-9.483680840458874,5
long,10482,10488,2183.2,2177.73,-26.444468192831664,6
short,10571,10573,2169.28,2171.54,-11.508269904654298,2
short,10605,10611,2166.84,2174.86,-32.68315281465584,6
long,10632,10633,2165.0,2166.72,-0.04678313771273679,1
short,10735,10744,2119.18,2080.24,142.63250892761152,9
short,10780,10786,2072.0,2077.87,-26.10910659392721,6
long,10871,10879,2072.01,2063.75,-38.479858354527096,8
short,11044,11051,2010.71,1994.52,61.291425345567404,7
short,11101,11103,1994.21,2006.18,-51.663451865227216,2
long,11113,11119,1983.02,1987.35,11.074632559093516,6
short,11148,11150,1987.55,1990.31,-14.35711036388966,2
long,11224,11225,1986.9,1988.21,-1.128582869413549,1
short,11226,11229,1989.87,1993.4,-17.41320936842203,3
short,11240,11246,1987.32,1990.37,-15.459915482573706,6
short,11249,11251,1990.77,1989.05,3.7008683057229064,2
long,11280,11284,2005.75,2002.6,-18.88782853433895,4
long,11369,11370,2028.06,2025.19,-17.60847276275581,1
short,11483,11487,1995.2,1998.68,-17.02337522018206,4
short,11574,11575,2005.89,2006.51,-5.615851763898718,1
long,11577,11578,2001.42,2000.18,-11.22368981379077,1
short,11630,11632,2003.82,2005.82,-11.047785767821551,2
short,11650,11652,1985.74,1991.27,-25.127825444847076,2
long,11680,11689,1989.53,2001.15,39.58552186014185,9
long,11784,11788,2018.8,1997.76,-88.58383128108744,4
long,11814,11817,2038.44,2028.98,-42.468151340379336,3
short,11875,11877,2059.74,2061.72,-10.578797558349834,2
short,11969,11970,2076.05,2074.13,4.073492171592989,1
long,11982,11986,2063.55,2065.12,-0.30651503584795137,4
short,11989,11993,2044.99,2046.92,-10.429331727361387,4
long,12035,12044,2038.64,2036.0,-16.219324960676204,9
long,12112,12113,2063.69,2064.09,-4.68513326223092,1
short,12316,12318,2106.72,2107.21,-4.88838038990616,2
long,12454,12455,2128.59,2126.48,-13.819434022778296,1
long,12657,12660,2135.25,2118.25,-67.46300772520226,3
short,12720,12723,2053.36,2049.85,10.006373090272973,3
long,12752,12754,2046.29,2040.1,-29.227942066439027,2
short,12815,12817,2039.32,2046.48,-29.80279745576081,2
short,12878,12881,2060.77,2058.96,3.6309171243965466,3
long,12905,12906,2057.97,2058.41,-4.447397246623041,1
short,13135,13137,2055.73,2053.29,5.971210145366058,2
short,13155,13165,2052.7,2050.22,6.135946015385343,10
long,13187,13188,2058.78,2056.89,-13.037048437206977,1
long,13205,13208,2054.31,2051.79,-15.35246756471679,3
long,13313,13318,2052.96,2054.01,-2.183665627281698,5
short,13449,13450,2059.64,2065.18,-23.374442716216436,1
long,13451,13452,2079.24,2073.34,-27.398787964496478,1
short,13547,13550,2060.19,2058.35,3.7057452730505247,3
short,13582,13585,2038.88,2034.14,14.466296940155189,3
short,13607,13617,2038.28,2041.07,-13.315018156520637,10
long,13694,13695,2060.66,2057.98,-15.766063035132902,1
long,13768,13772,2059.35,2060.01,-3.59357294217898,4
short,13784,13785,2085.79,2084.07,3.1830688923855632,1
short,13823,13824,2133.57,2137.48,-16.734093051472883,1
long,13831,13843,2133.44,2127.22,-27.751757502976943,12
long,13846,13849,2126.86,2125.99,-8.998974496976189,3
short,13860,13864,2131.87,2130.71,1.0732711453256343,4
long,13873,13874,2126.49,2121.53,-23.281303192963605,1
short,13971,13975,2156.94,2157.73,-5.682457813146357,4
short,14094,14095,2117.38,2115.17,4.77091448675219,1
long,14104,14107,2107.06,2101.56,-25.25311403705382,3
short,14125,14127,2108.04,2108.68,-5.197208426940961,2
long,14212,14214,2100.48,2097.32,-16.991586765346256,2
short,14230,14240,2078.32,2086.99,-33.665506403745894,10
long,14296,14297,2098.6,2097.23,-10.637603602975105,1
short,14323,14325,2112.7,2119.97,-28.109751179700652,2
long,14338,14340,2138.15,2137.1,-9.401758526938465,2
long,14405,14413,2233.0,2233.0,-5.819154764370069,8
long,14456,14463,2246.01,2247.98,0.5575837824035261,7
short,14567,14570,2215.7,2219.25,-14.563422074407754,3
long,14642,14643,2193.51,2197.73,8.144688941097229,1
short,14688,14694,2180.61,2183.92,-13.935263275865509,6
long,14740,14744,2177.44,2181.51,7.740485287116826,4
short,15043,15048,2176.89,2183.09,-23.575819688811862,5
long,15082,15092,2210.23,2215.65,11.934616733787152,10
short,15151,15155,2241.81,2242.6,-5.450609734990394,4
long,15165,15177,2241.24,2249.01,19.278395740407177,12
short,15210,15222,2249.65,2241.52,23.32699271207457,12
short,15299,15302,2231.25,2235.56,-16.97304879324838,3
short,15325,15327,2236.14,2235.1,0.4734914988903256,2
short,15347,15348,2235.2,2244.84,-34.215883223118,1
long,15385,15393,2241.5,2242.12,-3.7794606186344026,8
long,15420,15421,2249.99,2247.62,-13.369324622663044,1
long,15437,15438,2263.61,2263.27,-6.842992445634081,1
long,15459,15461,2274.67,2295.67,60.641542938289604,2
short,15543,15547,2266.35,2222.91,136.27741254117245,4
long,15633,15634,2212.72,2212.61,-6.2797926311859555,1
short,15655,15656,2197.34,2201.66,-17.48382828893591,1
short,15773,15776,2212.55,2213.53,-6.212318762132782,3
short,16013,16015,2227.96,2223.86,10.605849914180908,2
long,16079,16082,2295.42,2325.44,90.4090444276926,3
long,16111,16116,2362.44,2365.66,4.193855733925375,5
short,16125,16128,2371.75,2375.08,-13.469892701114077,3
long,16131,16141,2367.61,2364.35,-16.20581836855672,10
long,16456,16458,2315.65,2317.42,-0.26734051289804484,2
short,16491,16492,2332.38,2327.41,12.87098692872405,1
long,16509,16511,2319.02,2322.09,3.893647037060873,2
long,16551,16553,2327.91,2318.77,-35.17541885894025,2
long,16672,16673,2351.19,2353.41,1.0654162776108933,1
short,16771,16779,2337.1,2342.51,-20.134440944050766,8
long,16843,16844,2299.03,2308.29,23.838685003647697,1
long,16883,16884,2311.45,2318.9,17.952645650429076,1
short,16896,16899,2329.51,2329.3,-2.3034674959026233,3
long,16933,16934,2339.99,2340.8,-3.3721326424993094,1
short,16981,16989,2332.26,2338.25,-22.053154882166382,8
long,17067,17079,2350.47,2355.14,8.776802069322002,12
long,17169,17173,2450.54,2426.18,-79.54950621970511,4
short,17205,17207,2434.52,2432.92,1.8876580061469213,2
