step,timestamp,equity
0,1776432300000,10000.0
1,1776432600000,10000.0
2,1776432900000,10000.0
3,1776433200000,10000.0
4,1776433500000,10000.0
5,1776433800000,10000.0
6,1776434100000,10000.0
7,1776434400000,10000.0
8,1776434700000,10000.0
9,1776435000000,10000.0
10,1776435300000,10000.0
11,1776435600000,10000.0
12,1776435900000,10000.0
13,1776436200000,10000.0
14,1776436500000,10000.0
15,1776436800000,10000.0
16,1776437100000,10000.0
17,1776437400000,10000.0
18,1776437700000,10000.0
19,1776438000000,10000.0
20,1776438300000,10000.0
21,1776438600000,10000.0
22,1776438900000,10000.0
23,1776439200000,10000.0
24,1776439500000,10000.0
25,1776439800000,10000.0
26,1776440100000,10000.0
27,1776440400000,10000.0
28,1776440700000,10000.0
29,1776441000000,10000.0
30,1776441300000,10000.0
31,1776441600000,10000.0
32,1776441900000,10000.0
33,1776442200000,10000.0
34,1776442500000,10000.0
35,1776442800000,10000.0
36,1776443100000,10000.0
37,1776443400000,10000.0
38,1776443700000,10000.0
39,1776444000000,10000.0
40,1776444300000,10000.0
41,1776444600000,10000.0
42,1776444900000,10000.0
43,1776445200000,10000.0
44,1776445500000,10000.0
45,1776445800000,10000.0
46,1776446100000,10000.0
47,1776446400000,10000.0
48,1776446700000,10000.0
49,1776447000000,10000.0
50,1776447300000,10000.0
51,1776447600000,10000.0
52,1776447900000,10000.0
53,1776448200000,10000.0
54,1776448500000,10000.0
55,1776448800000,10000.0
56,1776449100000,10000.0
57,1776449400000,10000.0
58,1776449700000,10000.0
59,1776450000000,10000.0
60,1776450300000,10000.0
61,1776450600000,10000.0
62,1776450900000,10000.0
63,1776451200000,10000.0
64,1776451500000,10000.0
65,1776451800000,10000.0
66,1776452100000,10000.0
67,1776452400000,10000.0
68,1776452700000,10000.0
69,1776453000000,10000.0
70,1776453300000,10000.0
71,1776453600000,10000.0
72,1776453900000,10000.0
73,1776454200000,10000.0
74,1776454500000,10000.0
75,1776454800000,10000.0
76,1776455100000,10000.0
77,1776455400000,10000.0
78,1776455700000,10000.0
79,1776456000000,10000.0
80,1776456300000,10000.0
81,1776456600000,10000.0
82,1776456900000,10000.0
83,1776457200000,10000.0
84,1776457500000,10000.0
85,1776457800000,10000.0
86,1776458100000,10000.0
87,1776458400000,10000.0
88,1776458700000,10000.0
89,1776459000000,10000.0
90,1776459300000,10000.0
91,1776459600000,10000.0
92,1776459900000,10000.0
93,1776460200000,10000.0
94,1776460500000,10000.0
95,1776460800000,10000.0
96,1776461100000,10000.0
97,1776461400000,10000.0
98,1776461700000,10000.0
99,1776462000000,10000.0
100,1776462300000,10000.0
101,1776462600000,10000.0
102,1776462900000,10000.0
103,1776463200000,10000.0
104,1776463500000,10000.0
105,1776463800000,10000.0
106,1776464100000,10000.0
107,1776464400000,10000.0
108,1776464700000,10000.0
109,1776465000000,10000.0
110,1776465300000,10000.0
111,1776465600000,10000.0
112,1776465900000,10000.0
113,1776466200000,10000.0
114,1776466500000,10000.0
115,1776466800000,10000.0
116,1776467100000,10000.0
117,1776467400000,10000.0
118,1776467700000,10000.0
119,1776468000000,10000.0
120,1776468300000,10000.0
121,1776468600000,10000.0
122,1776468900000,10000.0
123,1776469200000,10000.0
124,1776469500000,10000.0
125,1776469800000,10000.0
126,1776470100000,10000.0
127,1776470400000,10000.0
128,1776470700000,10000.0
129,1776471000000,10000.0
130,1776471300000,10000.0
131,1776471600000,10000.0
132,1776471900000,10000.0
133,1776472200000,10000.0
134,1776472500000,10000.0
135,1776472800000,10000.0
136,1776473100000,10000.0
137,1776473400000,10000.0
138,1776473700000,10000.0
139,1776474000000,10000.0
140,1776474300000,10000.0
141,1776474600000,10000.0
142,1776474900000,10000.0
143,1776475200000,10000.0
144,1776475500000,10000.0
145,1776475800000,10000.0
146,1776476100000,10000.0
147,1776476400000,10000.0
148,1776476700000,10000.0
149,1776477000000,10000.0
150,1776477300000,10000.0
151,1776477600000,10000.0
152,1776477900000,10000.0
153,1776478200000,10000.0
154,1776478500000,10000.0
155,1776478800000,10000.0
156,1776479100000,10000.0
157,1776479400000,10000.0
158,1776479700000,10000.0
159,1776480000000,10000.0
160,1776480300000,10000.0
161,1776480600000,10000.0
162,1776480900000,10000.0
163,1776481200000,10000.0
164,1776481500000,10000.0
165,1776481800000,10000.0
166,1776482100000,10000.0
167,1776482400000,10000.0
168,1776482700000,10000.0
169,1776483000000,10000.0
170,1776483300000,10000.0
171,1776483600000,10000.0
172,1776483900000,10000.0
173,1776484200000,10000.0
174,1776484500000,10000.0
175,1776484800000,10000.0
176,1776485100000,10000.0
177,1776485400000,10000.0
178,1776485700000,10000.0
179,1776486000000,10000.0
180,1776486300000,10000.0
181,1776486600000,10000.0
182,1776486900000,10000.0
183,1776487200000,10000.0
184,1776487500000,10000.0
185,1776487800000,10000.0
186,1776488100000,10000.0
187,1776488400000,10000.0
188,1776488700000,10000.0
189,1776489000000,10000.0
190,1776489300000,10000.0
191,1776489600000,10000.0
192,1776489900000,10000.0
193,1776490200000,10000.0
194,1776490500000,10000.0
195,1776490800000,10000.0
196,1776491100000,10000.0
197,1776491400000,10000.0
198,1776491700000,10000.0
199,1776492000000,10000.0
200,1776492300000,10000.0
201,1776492600000,10000.0
202,1776492900000,10000.0
203,1776493200000,10000.0
204,1776493500000,10000.0
205,1776493800000,10000.0
206,1776494100000,10000.0
207,1776494400000,10000.0
208,1776494700000,10000.0
209,1776495000000,10000.0
210,1776495300000,10000.0
211,1776495600000,10000.0
212,1776495900000,10000.0
213,1776496200000,10000.0
214,1776496500000,10000.0
215,1776496800000,10000.0
216,1776497100000,10000.0
217,1776497400000,10000.0
218,1776497700000,10000.0
219,1776498000000,10000.0
220,1776498300000,10000.0
221,1776498600000,10000.0
222,1776498900000,10000.0
223,1776499200000,10000.0
224,1776499500000,10000.0
225,1776499800000,10000.0
226,1776500100000,10000.0
227,1776500400000,10000.0
228,1776500700000,10000.0
229,1776501000000,10000.0
230,1776501300000,10000.0
231,1776501600000,10000.0
232,1776501900000,10000.0
233,1776502200000,10000.0
234,1776502500000,10000.0
235,1776502800000,10000.0
236,1776503100000,10000.0
237,1776503400000,10000.0
238,1776503700000,10000.0
239,1776504000000,10000.0
240,1776504300000,10000.0
241,1776504600000,10000.0
242,1776504900000,10000.0
243,1776505200000,10000.0
244,1776505500000,10000.0
245,1776505800000,10000.0
246,1776506100000,10000.0
247,1776506400000,10000.0
248,1776506700000,10000.0
249,1776507000000,10000.0
250,1776507300000,10000.0
251,1776507600000,10000.0
252,1776507900000,10000.0
253,1776508200000,10000.0
254,1776508500000,10000.0
255,1776508800000,10000.0
256,1776509100000,10000.0
257,1776509400000,10000.0
258,1776509700000,10000.0
259,1776510000000,10000.0
260,1776510300000,10000.0
261,1776510600000,10000.0
262,1776510900000,10000.0
263,1776511200000,10000.0
264,1776511500000,10000.0
265,1776511800000,10000.0
266,1776512100000,10000.0
267,1776512400000,10000.0
268,1776512700000,10000.0
269,1776513000000,10000.0
270,1776513300000,10000.0
271,1776513600000,10000.0
272,1776513900000,10000.0
273,1776514200000,10000.0
274,1776514500000,10000.0
275,1776514800000,10000.0
276,1776515100000,10000.0
277,1776515400000,10000.0
278,1776515700000,10000.0
279,1776516000000,10000.0
280,1776516300000,10000.0
281,1776516600000,10000.0
282,1776516900000,10000.0
283,1776517200000,10000.0
284,1776517500000,10000.0
285,1776517800000,10000.0
286,1776518100000,10000.0
287,1776518400000,10000.0
288,1776518700000,10000.0
289,1776519000000,10000.0
290,1776519300000,10000.0
291,1776519600000,10000.0
292,1776519900000,10000.0
293,1776520200000,10000.0
294,1776520500000,10000.0
295,1776520800000,10000.0
296,1776521100000,10000.0
297,1776521400000,10000.0
298,1776521700000,10000.0
299,1776522000000,10000.0
300,1776522300000,10000.0
301,1776522600000,10000.0
302,1776522900000,10000.0
303,1776523200000,10000.0
304,1776523500000,10000.0
305,1776523800000,10000.0
306,1776524100000,10000.0
307,1776524400000,10000.0
308,1776524700000,10000.0
309,1776525000000,10000.0
310,1776525300000,10000.0
311,1776525600000,10000.0
312,1776525900000,10000.0
313,1776526200000,10000.0
314,1776526500000,10000.0
315,1776526800000,10000.0
316,1776527100000,10000.0
317,1776527400000,10000.0
318,1776527700000,10000.0
319,1776528000000,10000.0
320,1776528300000,10000.0
321,1776528600000,10000.0
322,1776528900000,10000.0
323,1776529200000,10000.0
324,1776529500000,10000.0
325,1776529800000,10000.0
326,1776530100000,10000.0
327,1776530400000,10000.0
328,1776530700000,10000.0
329,1776531000000,10000.0
330,1776531300000,10000.0
331,1776531600000,10000.0
332,1776531900000,10000.0
333,1776532200000,10000.0
334,1776532500000,10000.0
335,1776532800000,10000.0
336,1776533100000,10000.0
337,1776533400000,10000.0
338,1776533700000,10000.0
339,1776534000000,10000.0
340,1776534300000,10000.0
341,1776534600000,10000.0
342,1776534900000,10000.0
343,1776535200000,10000.0
344,1776535500000,10000.0
345,1776535800000,10000.0
346,1776536100000,10000.0
347,1776536400000,10000.0
348,1776536700000,10000.0
349,1776537000000,10000.0
350,1776537300000,10000.0
351,1776537600000,10000.0
352,1776537900000,10000.0
353,1776538200000,10000.0
354,1776538500000,10000.0
355,1776538800000,10000.0
356,1776539100000,10000.0
357,1776539400000,10000.0
358,1776539700000,10000.0
359,1776540000000,10000.0
360,1776540300000,10000.0
361,1776540600000,10000.0
362,1776540900000,10000.0
363,1776541200000,10000.0
364,1776541500000,10000.0
365,1776541800000,10000.0
366,1776542100000,10000.0
367,1776542400000,10000.0
368,1776542700000,10000.0
369,1776543000000,10000.0
370,1776543300000,10000.0
371,1776543600000,10000.0
372,1776543900000,10000.0
373,1776544200000,10000.0
374,1776544500000,10000.0
375,1776544800000,10000.0
376,1776545100000,10000.0
377,1776545400000,10000.0
378,1776545700000,10000.0
379,1776546000000,10000.0
380,1776546300000,10000.0
381,1776546600000,10000.0
382,1776546900000,10000.0
383,1776547200000,10000.0
384,1776547500000,10000.0
385,1776547800000,10000.0
386,1776548100000,10000.0
387,1776548400000,10000.0
388,1776548700000,10000.0
389,1776549000000,10000.0
390,1776549300000,10000.0
391,1776549600000,10000.0
392,1776549900000,10000.0
393,1776550200000,10000.0
394,1776550500000,10000.0
395,1776550800000,10000.0
396,1776551100000,10000.0
397,1776551400000,10000.0
398,1776551700000,10000.0
399,1776552000000,10000.0
400,1776552300000,10000.0
401,1776552600000,10000.0
402,1776552900000,10000.0
403,1776553200000,10000.0
404,1776553500000,10000.0
405,1776553800000,10000.0
406,1776554100000,10000.0
407,1776554400000,10000.0
408,1776554700000,10000.0
409,1776555000000,10000.0
410,1776555300000,10000.0
411,1776555600000,10000.0
412,1776555900000,10000.0
413,1776556200000,10000.0
414,1776556500000,10000.0
415,1776556800000,10000.0
416,1776557100000,10000.0
417,1776557400000,10000.0
418,1776557700000,10000.0
419,1776558000000,10000.0
420,1776558300000,10000.0
421,1776558600000,10000.0
422,1776558900000,10000.0
423,1776559200000,10000.0
424,1776559500000,10000.0
425,1776559800000,10000.0
426,1776560100000,10000.0
427,1776560400000,10000.0
428,1776560700000,10000.0
429,1776561000000,10000.0
430,1776561300000,10000.0
431,1776561600000,10000.0
432,1776561900000,10000.0
433,1776562200000,10000.0
434,1776562500000,10000.0
435,1776562800000,10000.0
436,1776563100000,10000.0
437,1776563400000,10000.0
438,1776563700000,10000.0
439,1776564000000,10000.0
440,1776564300000,10000.0
441,1776564600000,10000.0
442,1776564900000,10000.0
443,1776565200000,10000.0
444,1776565500000,10000.0
445,1776565800000,10000.0
446,1776566100000,10000.0
447,1776566400000,10000.0
448,1776566700000,10000.0
449,1776567000000,10000.0
450,1776567300000,10000.0
451,1776567600000,10000.0
452,1776567900000,10000.0
453,1776568200000,10000.0
454,1776568500000,10000.0
455,1776568800000,10000.0
456,1776569100000,10000.0
457,1776569400000,10000.0
458,1776569700000,10000.0
459,1776570000000,10000.0
460,1776570300000,10000.0
461,1776570600000,10000.0
462,1776570900000,10000.0
463,1776571200000,10000.0
464,1776571500000,10000.0
465,1776571800000,10000.0
466,1776572100000,10000.0
467,1776572400000,10000.0
468,1776572700000,10000.0
469,1776573000000,10000.0
470,1776573300000,10000.0
471,1776573600000,10000.0
472,1776573900000,10000.0
473,1776574200000,10000.0
474,1776574500000,10000.0
475,1776574800000,10000.0
476,1776575100000,10000.0
477,1776575400000,10000.0
478,1776575700000,10000.0
479,1776576000000,10000.0
480,1776576300000,10000.0
481,1776576600000,10000.0
482,1776576900000,10000.0
483,1776577200000,10000.0
484,1776577500000,10000.0
485,1776577800000,10000.0
486,1776578100000,10000.0
487,1776578400000,10000.0
488,1776578700000,10000.0
489,1776579000000,10000.0
490,1776579300000,10000.0
491,1776579600000,10000.0
492,1776579900000,10000.0
493,1776580200000,10000.0
494,1776580500000,10000.0
495,1776580800000,10000.0
496,1776581100000,10000.0
497,1776581400000,10000.0
498,1776581700000,10000.0
499,1776582000000,10000.0
500,1776582300000,10000.0
501,1776582600000,10000.0
502,1776582900000,10000.0
503,1776583200000,10000.0
504,1776583500000,10000.0
505,1776583800000,10000.0
506,1776584100000,10000.0
507,1776584400000,10000.0
508,1776584700000,10000.0
509,1776585000000,10000.0
510,1776585300000,10000.0
511,1776585600000,10000.0
512,1776585900000,10000.0
513,1776586200000,10000.0
514,1776586500000,10000.0
515,1776586800000,10000.0
516,1776587100000,10000.0
517,1776587400000,10000.0
518,1776587700000,10000.0
519,1776588000000,10000.0
520,1776588300000,10000.0
521,1776588600000,10000.0
522,1776588900000,10000.0
523,1776589200000,10000.0
524,1776589500000,10000.0
525,1776589800000,10000.0
526,1776590100000,10000.0
527,1776590400000,10000.0
528,1776590700000,10000.0
529,1776591000000,10000.0
530,1776591300000,10000.0
531,1776591600000,10000.0
532,1776591900000,10000.0
533,1776592200000,10000.0
534,1776592500000,10000.0
535,1776592800000,10000.0
536,1776593100000,10000.0
537,1776593400000,10000.0
538,1776593700000,10000.0
539,1776594000000,10000.0
540,1776594300000,10000.0
541,1776594600000,10000.0
542,1776594900000,10000.0
543,1776595200000,10000.0
544,1776595500000,10000.0
545,1776595800000,10000.0
546,1776596100000,10000.0
547,1776596400000,10000.0
548,1776596700000,10000.0
549,1776597000000,10000.0
550,1776597300000,10000.0
551,1776597600000,10000.0
552,1776597900000,10000.0
553,1776598200000,10000.0
554,1776598500000,10000.0
555,1776598800000,10000.0
556,1776599100000,10000.0
557,1776599400000,10000.0
558,1776599700000,10000.0
559,1776600000000,10000.0
560,1776600300000,10000.0
561,1776600600000,10000.0
562,1776600900000,10000.0
563,1776601200000,10000.0
564,1776601500000,10000.0
565,1776601800000,10000.0
566,1776602100000,10000.0
567,1776602400000,10000.0
568,1776602700000,10000.0
569,1776603000000,10000.0
570,1776603300000,10000.0
571,1776603600000,10000.0
572,1776603900000,10000.0
573,1776604200000,10000.0
574,1776604500000,10000.0
575,1776604800000,10000.0
576,1776605100000,10000.0
577,1776605400000,10000.0
578,1776605700000,10000.0
579,1776606000000,10000.0
580,1776606300000,10000.0
581,1776606600000,10000.0
582,1776606900000,10000.0
583,1776607200000,10000.0
584,1776607500000,10000.0
585,1776607800000,10000.0
586,1776608100000,10000.0
587,1776608400000,10000.0
588,1776608700000,10000.0
589,1776609000000,10000.0
590,1776609300000,10000.0
591,1776609600000,10000.0
592,1776609900000,10000.0
593,1776610200000,10000.0
594,1776610500000,10000.0
595,1776610800000,10000.0
596,1776611100000,10000.0
597,1776611400000,10000.0
598,1776611700000,10000.0
599,1776612000000,10000.0
600,1776612300000,10000.0
601,1776612600000,10000.0
602,1776612900000,10000.0
603,1776613200000,10000.0
604,1776613500000,10000.0
605,1776613800000,10000.0
606,1776614100000,10000.0
607,1776614400000,10000.0
608,1776614700000,10000.0
609,1776615000000,10000.0
610,1776615300000,10000.0
611,1776615600000,10000.0
612,1776615900000,10000.0
613,1776616200000,10000.0
614,1776616500000,10000.0
615,1776616800000,10000.0
616,1776617100000,10000.0
617,1776617400000,10000.0
618,1776617700000,10000.0
619,1776618000000,10000.0
620,1776618300000,10000.0
621,1776618600000,10000.0
622,1776618900000,10000.0
623,1776619200000,10000.0
624,1776619500000,10000.0
625,1776619800000,10000.0
626,1776620100000,10000.0
627,1776620400000,10000.0
628,1776620700000,10000.0
629,1776621000000,10000.0
630,1776621300000,10000.0
631,1776621600000,10000.0
632,1776621900000,10000.0
633,1776622200000,10000.0
634,1776622500000,10000.0
635,1776622800000,10000.0
636,1776623100000,10000.0
637,1776623400000,10000.0
638,1776623700000,10000.0
639,1776624000000,10000.0
640,1776624300000,10000.0
641,1776624600000,10000.0
642,1776624900000,10000.0
643,1776625200000,10000.0
644,1776625500000,10000.0
645,1776625800000,10000.0
646,1776626100000,10000.0
647,1776626400000,10000.0
648,1776626700000,10000.0
649,1776627000000,10000.0
650,1776627300000,10000.0
651,1776627600000,10000.0
652,1776627900000,10000.0
653,1776628200000,10000.0
654,1776628500000,10000.0
655,1776628800000,10000.0
656,1776629100000,10000.0
657,1776629400000,10000.0
658,1776629700000,10000.0
659,1776630000000,10000.0
660,1776630300000,10000.0
661,1776630600000,10000.0
662,1776630900000,10000.0
663,1776631200000,10000.0
664,1776631500000,10000.0
665,1776631800000,10000.0
666,1776632100000,10000.0
667,1776632400000,10000.0
668,1776632700000,10000.0
669,1776633000000,10000.0
670,1776633300000,10000.0
671,1776633600000,10000.0
672,1776633900000,10000.0
673,1776634200000,10000.0
674,1776634500000,10000.0
675,1776634800000,10000.0
676,1776635100000,10000.0
677,1776635400000,10000.0
678,1776635700000,10000.0
679,1776636000000,10000.0
680,1776636300000,10000.0
681,1776636600000,10000.0
682,1776636900000,10000.0
683,1776637200000,10000.0
684,1776637500000,10000.0
685,1776637800000,10000.0
686,1776638100000,10000.0
687,1776638400000,10000.0
688,1776638700000,10000.0
689,1776639000000,10000.0
690,1776639300000,10000.0
691,1776639600000,10000.0
692,1776639900000,10000.0
693,1776640200000,10000.0
694,1776640500000,10000.0
695,1776640800000,10000.0
696,1776641100000,10000.0
697,1776641400000,10000.0
698,1776641700000,10000.0
699,1776642000000,10000.0
700,1776642300000,10000.0
701,1776642600000,10000.0
702,1776642900000,10000.0
703,1776643200000,10000.0
704,1776643500000,10000.0
705,1776643800000,10000.0
706,1776644100000,10000.0
707,1776644400000,10000.0
708,1776644700000,10000.0
709,1776645000000,10000.0
710,1776645300000,10000.0
711,1776645600000,10000.0
712,1776645900000,10000.0
713,1776646200000,10000.0
714,1776646500000,10000.0
715,1776646800000,10000.0
716,1776647100000,10000.0
717,1776647400000,10000.0
718,1776647700000,10000.0
719,1776648000000,10000.0
720,1776648300000,10000.0
721,1776648600000,10000.0
722,1776648900000,10000.0
723,1776649200000,10000.0
724,1776649500000,10000.0
725,1776649800000,10000.0
726,1776650100000,10000.0
727,1776650400000,10000.0
728,1776650700000,10000.0
729,1776651000000,10000.0
730,1776651300000,10000.0
731,1776651600000,10000.0
732,1776651900000,10000.0
733,1776652200000,10000.0
734,1776652500000,10000.0
735,1776652800000,10000.0
736,1776653100000,10000.0
737,1776653400000,10000.0
738,1776653700000,10000.0
739,1776654000000,10000.0
740,1776654300000,10000.0
741,1776654600000,10000.0
742,1776654900000,10000.0
743,1776655200000,10000.0
744,1776655500000,10000.0
745,1776655800000,10000.0
746,1776656100000,10000.0
747,1776656400000,10000.0
748,1776656700000,10000.0
749,1776657000000,10000.0
750,1776657300000,10000.0
751,1776657600000,10000.0
752,1776657900000,10000.0
753,1776658200000,10000.0
754,1776658500000,10000.0
755,1776658800000,10000.0
756,1776659100000,10000.0
757,1776659400000,10000.0
758,1776659700000,10000.0
759,1776660000000,10000.0
760,1776660300000,10000.0
761,1776660600000,10000.0
762,1776660900000,10000.0
763,1776661200000,10000.0
764,1776661500000,10000.0
765,1776661800000,10000.0
766,1776662100000,10000.0
767,1776662400000,10000.0
768,1776662700000,10000.0
769,1776663000000,10000.0
770,1776663300000,10000.0
771,1776663600000,10000.0
772,1776663900000,10000.0
773,1776664200000,10000.0
774,1776664500000,10000.0
775,1776664800000,10000.0
776,1776665100000,10000.0
777,1776665400000,10000.0
778,1776665700000,10000.0
779,1776666000000,10000.0
780,1776666300000,10000.0
781,1776666600000,10000.0
782,1776666900000,10000.0
783,1776667200000,10000.0
784,1776667500000,10000.0
785,1776667800000,10000.0
786,1776668100000,10000.0
787,1776668400000,10000.0
788,1776668700000,10000.0
789,1776669000000,10000.0
790,1776669300000,10000.0
791,1776669600000,10000.0
792,1776669900000,10000.0
793,1776670200000,10000.0
794,1776670500000,10000.0
795,1776670800000,10000.0
796,1776671100000,10000.0
797,1776671400000,10000.0
798,1776671700000,10000.0
799,1776672000000,10000.0
800,1776672300000,10000.0
801,1776672600000,10000.0
802,1776672900000,10000.0
803,1776673200000,10000.0
804,1776673500000,10000.0
805,1776673800000,10000.0
806,1776674100000,10000.0
807,1776674400000,10000.0
808,1776674700000,10000.0
809,1776675000000,10000.0
810,1776675300000,10000.0
811,1776675600000,10000.0
812,1776675900000,10000.0
813,1776676200000,10000.0
814,1776676500000,10000.0
815,1776676800000,10000.0
816,1776677100000,10000.0
817,1776677400000,10000.0
818,1776677700000,10000.0
819,1776678000000,10000.0
820,1776678300000,10000.0
821,1776678600000,10000.0
822,1776678900000,10000.0
823,1776679200000,10000.0
824,1776679500000,10000.0
825,1776679800000,10000.0
826,1776680100000,10000.0
827,1776680400000,10000.0
828,1776680700000,10000.0
829,1776681000000,10000.0
830,1776681300000,10000.0
831,1776681600000,10000.0
832,1776681900000,10000.0
833,1776682200000,10000.0
834,1776682500000,10000.0
835,1776682800000,10000.0
836,1776683100000,10000.0
837,1776683400000,10000.0
838,1776683700000,10000.0
839,1776684000000,10000.0
840,1776684300000,10000.0
841,1776684600000,10000.0
842,1776684900000,10000.0
843,1776685200000,10000.0
844,1776685500000,10000.0
845,1776685800000,10000.0
846,1776686100000,10000.0
847,1776686400000,10000.0
848,1776686700000,10000.0
849,1776687000000,10000.0
850,1776687300000,10000.0
851,1776687600000,10000.0
852,1776687900000,10000.0
853,1776688200000,10000.0
854,1776688500000,10000.0
855,1776688800000,10000.0
856,1776689100000,10000.0
857,1776689400000,10000.0
858,1776689700000,10000.0
859,1776690000000,10000.0
860,1776690300000,10000.0
861,1776690600000,10000.0
862,1776690900000,10000.0
863,1776691200000,10000.0
864,1776691500000,10000.0
865,1776691800000,10000.0
866,1776692100000,10000.0
867,1776692400000,10000.0
868,1776692700000,10000.0
869,1776693000000,10000.0
870,1776693300000,10000.0
871,1776693600000,10000.0
872,1776693900000,10000.0
873,1776694200000,10000.0
874,1776694500000,10000.0
875,1776694800000,10000.0
876,1776695100000,10000.0
877,1776695400000,10000.0
878,1776695700000,10000.0
879,1776696000000,10000.0
880,1776696300000,10000.0
881,1776696600000,10000.0
882,1776696900000,10000.0
883,1776697200000,10000.0
884,1776697500000,10000.0
885,1776697800000,10000.0
886,1776698100000,10000.0
887,1776698400000,10000.0
888,1776698700000,10000.0
889,1776699000000,10000.0
890,1776699300000,10000.0
891,1776699600000,10000.0
892,1776699900000,10000.0
893,1776700200000,10000.0
894,1776700500000,10000.0
895,1776700800000,10000.0
896,1776701100000,10000.0
897,1776701400000,10000.0
898,1776701700000,10000.0
899,1776702000000,10000.0
900,1776702300000,10000.0
901,1776702600000,10000.0
902,1776702900000,10000.0
903,1776703200000,10000.0
904,1776703500000,10000.0
905,1776703800000,10000.0
906,1776704100000,10000.0
907,1776704400000,10000.0
908,1776704700000,10000.0
909,1776705000000,10000.0
910,1776705300000,10000.0
911,1776705600000,10000.0
912,1776705900000,10000.0
913,1776706200000,10000.0
914,1776706500000,10000.0
915,1776706800000,10000.0
916,1776707100000,10000.0
917,1776707400000,10000.0
918,1776707700000,10000.0
919,1776708000000,10000.0
920,1776708300000,10000.0
921,1776708600000,10000.0
922,1776708900000,10000.0
923,1776709200000,10000.0
924,1776709500000,10000.0
925,1776709800000,10000.0
926,1776710100000,10000.0
927,1776710400000,10000.0
928,1776710700000,10000.0
929,1776711000000,10000.0
930,1776711300000,10000.0
931,1776711600000,10000.0
932,1776711900000,10000.0
933,1776712200000,10000.0
934,1776712500000,10000.0
935,1776712800000,10000.0
936,1776713100000,10000.0
937,1776713400000,10000.0
938,1776713700000,10000.0
939,1776714000000,10000.0
940,1776714300000,10000.0
941,1776714600000,10000.0
942,1776714900000,10000.0
943,1776715200000,10000.0
944,1776715500000,10000.0
945,1776715800000,10000.0
946,1776716100000,10000.0
947,1776716400000,10000.0
948,1776716700000,10000.0
949,1776717000000,10000.0
950,1776717300000,10000.0
951,1776717600000,10000.0
952,1776717900000,10000.0
953,1776718200000,10000.0
954,1776718500000,10000.0
955,1776718800000,10000.0
956,1776719100000,9996.0
957,1776719400000,10030.650413888321
958,1776719700000,10030.650413888321
959,1776720000000,10030.650413888321
960,1776720300000,10030.650413888321
961,1776720600000,10030.650413888321
962,1776720900000,10030.650413888321
963,1776721200000,10030.650413888321
964,1776721500000,10030.650413888321
965,1776721800000,10030.650413888321
966,1776722100000,10030.650413888321
967,1776722400000,10030.650413888321
968,1776722700000,10030.650413888321
969,1776723000000,10030.650413888321
970,1776723300000,10030.650413888321
971,1776723600000,10030.650413888321
972,1776723900000,10030.650413888321
973,1776724200000,10030.650413888321
974,1776724500000,10030.650413888321
975,1776724800000,10030.650413888321
976,1776725100000,10030.650413888321
977,1776725400000,10030.650413888321
978,1776725700000,10030.650413888321
979,1776726000000,10030.650413888321
980,1776726300000,10030.650413888321
981,1776726600000,10030.650413888321
982,1776726900000,10030.650413888321
983,1776727200000,10030.650413888321
984,1776727500000,10030.650413888321
985,1776727800000,10030.650413888321
986,1776728100000,10030.650413888321
987,1776728400000,10030.650413888321
988,1776728700000,10030.650413888321
989,1776729000000,10030.650413888321
990,1776729300000,10030.650413888321
991,1776729600000,10030.650413888321
992,1776729900000,10030.650413888321
993,1776730200000,10030.650413888321
994,1776730500000,10030.650413888321
995,1776730800000,10030.650413888321
996,1776731100000,10030.650413888321
997,1776731400000,10030.650413888321
998,1776731700000,10030.650413888321
999,1776732000000,10030.650413888321
1000,1776732300000,10030.650413888321
1001,1776732600000,10030.650413888321
1002,1776732900000,10030.650413888321
1003,1776733200000,10030.650413888321
1004,1776733500000,10030.650413888321
1005,1776733800000,10030.650413888321
1006,1776734100000,10030.650413888321
1007,1776734400000,10030.650413888321
1008,1776734700000,10030.650413888321
1009,1776735000000,10030.650413888321
1010,1776735300000,10030.650413888321
1011,1776735600000,10030.650413888321
1012,1776735900000,10030.650413888321
1013,1776736200000,10030.650413888321
1014,1776736500000,10030.650413888321
1015,1776736800000,10030.650413888321
1016,1776737100000,10030.650413888321
1017,1776737400000,10030.650413888321
1018,1776737700000,10030.650413888321
1019,1776738000000,10030.650413888321
1020,1776738300000,10030.650413888321
1021,1776738600000,10030.650413888321
1022,1776738900000,10030.650413888321
1023,1776739200000,10030.650413888321
1024,1776739500000,10030.650413888321
1025,1776739800000,10030.650413888321
1026,1776740100000,10030.650413888321
1027,1776740400000,10030.650413888321
1028,1776740700000,10030.650413888321
1029,1776741000000,10030.650413888321
1030,1776741300000,10030.650413888321
1031,1776741600000,10030.650413888321
1032,1776741900000,10030.650413888321
1033,1776742200000,10030.650413888321
1034,1776742500000,10030.650413888321
1035,1776742800000,10030.650413888321
1036,1776743100000,10030.650413888321
1037,1776743400000,10030.650413888321
1038,1776743700000,10030.650413888321
1039,1776744000000,10030.650413888321
1040,1776744300000,10030.650413888321
1041,1776744600000,10030.650413888321
1042,1776744900000,10030.650413888321
1043,1776745200000,10030.650413888321
1044,1776745500000,10030.650413888321
1045,1776745800000,10030.650413888321
1046,1776746100000,10030.650413888321
1047,1776746400000,10030.650413888321
1048,1776746700000,10030.650413888321
1049,1776747000000,10030.650413888321
1050,1776747300000,10030.650413888321
1051,1776747600000,10030.650413888321
1052,1776747900000,10030.650413888321
1053,1776748200000,10030.650413888321
1054,1776748500000,10030.650413888321
1055,1776748800000,10030.650413888321
1056,1776749100000,10030.650413888321
1057,1776749400000,10030.650413888321
1058,1776749700000,10030.650413888321
1059,1776750000000,10030.650413888321
1060,1776750300000,10030.650413888321
1061,1776750600000,10030.650413888321
1062,1776750900000,10030.650413888321
1063,1776751200000,10030.650413888321
1064,1776751500000,10030.650413888321
1065,1776751800000,10030.650413888321
1066,1776752100000,10030.650413888321
1067,1776752400000,10030.650413888321
1068,1776752700000,10030.650413888321
1069,1776753000000,10030.650413888321
1070,1776753300000,10030.650413888321
1071,1776753600000,10030.650413888321
1072,1776753900000,10030.650413888321
1073,1776754200000,10030.650413888321
1074,1776754500000,10030.650413888321
1075,1776754800000,10030.650413888321
1076,1776755100000,10030.650413888321
1077,1776755400000,10030.650413888321
1078,1776755700000,10030.650413888321
1079,1776756000000,10030.650413888321
1080,1776756300000,10030.650413888321
1081,1776756600000,10030.650413888321
1082,1776756900000,10030.650413888321
1083,1776757200000,10030.650413888321
1084,1776757500000,10030.650413888321
1085,1776757800000,10030.650413888321
1086,1776758100000,10030.650413888321
1087,1776758400000,10030.650413888321
1088,1776758700000,10030.650413888321
1089,1776759000000,10030.650413888321
1090,1776759300000,10030.650413888321
1091,1776759600000,10030.650413888321
1092,1776759900000,10030.650413888321
1093,1776760200000,10030.650413888321
1094,1776760500000,10030.650413888321
1095,1776760800000,10030.650413888321
1096,1776761100000,10030.650413888321
1097,1776761400000,10030.650413888321
1098,1776761700000,10030.650413888321
1099,1776762000000,10030.650413888321
1100,1776762300000,10030.650413888321
1101,1776762600000,10030.650413888321
1102,1776762900000,10030.650413888321
1103,1776763200000,10030.650413888321
1104,1776763500000,10030.650413888321
1105,1776763800000,10030.650413888321
1106,1776764100000,10030.650413888321
1107,1776764400000,10030.650413888321
1108,1776764700000,10030.650413888321
1109,1776765000000,10030.650413888321
1110,1776765300000,10030.650413888321
1111,1776765600000,10030.650413888321
1112,1776765900000,10030.650413888321
1113,1776766200000,10030.650413888321
1114,1776766500000,10030.650413888321
1115,1776766800000,10030.650413888321
1116,1776767100000,10030.650413888321
1117,1776767400000,10030.650413888321
1118,1776767700000,10030.650413888321
1119,1776768000000,10030.650413888321
1120,1776768300000,10030.650413888321
1121,1776768600000,10030.650413888321
1122,1776768900000,10030.650413888321
1123,1776769200000,10030.650413888321
1124,1776769500000,10030.650413888321
1125,1776769800000,10030.650413888321
1126,1776770100000,10030.650413888321
1127,1776770400000,10030.650413888321
1128,1776770700000,10030.650413888321
1129,1776771000000,10030.650413888321
1130,1776771300000,10030.650413888321
1131,1776771600000,10030.650413888321
1132,1776771900000,10030.650413888321
1133,1776772200000,10030.650413888321
1134,1776772500000,10030.650413888321
1135,1776772800000,10030.650413888321
1136,1776773100000,10030.650413888321
1137,1776773400000,10030.650413888321
1138,1776773700000,10030.650413888321
1139,1776774000000,10030.650413888321
1140,1776774300000,10030.650413888321
1141,1776774600000,10030.650413888321
1142,1776774900000,10030.650413888321
1143,1776775200000,10030.650413888321
1144,1776775500000,10030.650413888321
1145,1776775800000,10030.650413888321
1146,1776776100000,10030.650413888321
1147,1776776400000,10030.650413888321
1148,1776776700000,10030.650413888321
1149,1776777000000,10030.650413888321
1150,1776777300000,10030.650413888321
1151,1776777600000,10030.650413888321
1152,1776777900000,10030.650413888321
1153,1776778200000,10030.650413888321
1154,1776778500000,10030.650413888321
1155,1776778800000,10030.650413888321
1156,1776779100000,10030.650413888321
1157,1776779400000,10030.650413888321
1158,1776779700000,10030.650413888321
1159,1776780000000,10030.650413888321
1160,1776780300000,10030.650413888321
1161,1776780600000,10030.650413888321
1162,1776780900000,10030.650413888321
1163,1776781200000,10030.650413888321
1164,1776781500000,10030.650413888321
1165,1776781800000,10030.650413888321
1166,1776782100000,10030.650413888321
1167,1776782400000,10030.650413888321
1168,1776782700000,10030.650413888321
1169,1776783000000,10030.650413888321
1170,1776783300000,10030.650413888321
1171,1776783600000,10030.650413888321
1172,1776783900000,10030.650413888321
1173,1776784200000,10030.650413888321
1174,1776784500000,10030.650413888321
1175,1776784800000,10030.650413888321
1176,1776785100000,10030.650413888321
1177,1776785400000,10030.650413888321
1178,1776785700000,10030.650413888321
1179,1776786000000,10030.650413888321
1180,1776786300000,10030.650413888321
1181,1776786600000,10030.650413888321
1182,1776786900000,10030.650413888321
1183,1776787200000,10030.650413888321
1184,1776787500000,10030.650413888321
1185,1776787800000,10030.650413888321
1186,1776788100000,10030.650413888321
1187,1776788400000,10030.650413888321
1188,1776788700000,10030.650413888321
1189,1776789000000,10030.650413888321
1190,1776789300000,10030.650413888321
1191,1776789600000,10030.650413888321
1192,1776789900000,10030.650413888321
1193,1776790200000,10030.650413888321
1194,1776790500000,10030.650413888321
1195,1776790800000,10030.650413888321
1196,1776791100000,10030.650413888321
1197,1776791400000,10030.650413888321
1198,1776791700000,10030.650413888321
1199,1776792000000,10030.650413888321
1200,1776792300000,10030.650413888321
1201,1776792600000,10030.650413888321
1202,1776792900000,10030.650413888321
1203,1776793200000,10030.650413888321
1204,1776793500000,10030.650413888321
1205,1776793800000,10030.650413888321
1206,1776794100000,10030.650413888321
1207,1776794400000,10030.650413888321
1208,1776794700000,10030.650413888321
1209,1776795000000,10030.650413888321
1210,1776795300000,10030.650413888321
1211,1776795600000,10030.650413888321
1212,1776795900000,10030.650413888321
1213,1776796200000,10030.650413888321
1214,1776796500000,10030.650413888321
1215,1776796800000,10030.650413888321
1216,1776797100000,10030.650413888321
1217,1776797400000,10030.650413888321
1218,1776797700000,10030.650413888321
1219,1776798000000,10030.650413888321
1220,1776798300000,10030.650413888321
1221,1776798600000,10030.650413888321
1222,1776798900000,10030.650413888321
1223,1776799200000,10030.650413888321
1224,1776799500000,10030.650413888321
1225,1776799800000,10030.650413888321
1226,1776800100000,10030.650413888321
1227,1776800400000,10030.650413888321
1228,1776800700000,10030.650413888321
1229,1776801000000,10030.650413888321
1230,1776801300000,10030.650413888321
1231,1776801600000,10030.650413888321
1232,1776801900000,10030.650413888321
1233,1776802200000,10030.650413888321
1234,1776802500000,10030.650413888321
1235,1776802800000,10030.650413888321
1236,1776803100000,10030.650413888321
1237,1776803400000,10030.650413888321
1238,1776803700000,10030.650413888321
1239,1776804000000,10030.650413888321
1240,1776804300000,10030.650413888321
1241,1776804600000,10030.650413888321
1242,1776804900000,10030.650413888321
1243,1776805200000,10030.650413888321
1244,1776805500000,10030.650413888321
1245,1776805800000,10030.650413888321
1246,1776806100000,10030.650413888321
1247,1776806400000,10030.650413888321
1248,1776806700000,10030.650413888321
1249,1776807000000,10030.650413888321
1250,1776807300000,10030.650413888321
1251,1776807600000,10030.650413888321
1252,1776807900000,10030.650413888321
1253,1776808200000,10030.650413888321
1254,1776808500000,10030.650413888321
1255,1776808800000,10030.650413888321
1256,1776809100000,10030.650413888321
1257,1776809400000,10030.650413888321
1258,1776809700000,10030.650413888321
1259,1776810000000,10030.650413888321
1260,1776810300000,10030.650413888321
1261,1776810600000,10030.650413888321
1262,1776810900000,10030.650413888321
1263,1776811200000,10030.650413888321
1264,1776811500000,10030.650413888321
1265,1776811800000,10030.650413888321
1266,1776812100000,10030.650413888321
1267,1776812400000,10030.650413888321
1268,1776812700000,10030.650413888321
1269,1776813000000,10030.650413888321
1270,1776813300000,10030.650413888321
1271,1776813600000,10030.650413888321
1272,1776813900000,10030.650413888321
1273,1776814200000,10030.650413888321
1274,1776814500000,10030.650413888321
1275,1776814800000,10030.650413888321
1276,1776815100000,10030.650413888321
1277,1776815400000,10030.650413888321
1278,1776815700000,10030.650413888321
1279,1776816000000,10030.650413888321
1280,1776816300000,10030.650413888321
1281,1776816600000,10030.650413888321
1282,1776816900000,10030.650413888321
1283,1776817200000,10030.650413888321
1284,1776817500000,10030.650413888321
1285,1776817800000,10030.650413888321
1286,1776818100000,10030.650413888321
1287,1776818400000,10030.650413888321
1288,1776818700000,10030.650413888321
1289,1776819000000,10030.650413888321
1290,1776819300000,10030.650413888321
1291,1776819600000,10030.650413888321
1292,1776819900000,10030.650413888321
1293,1776820200000,10030.650413888321
1294,1776820500000,10030.650413888321
1295,1776820800000,10030.650413888321
1296,1776821100000,10030.650413888321
1297,1776821400000,10030.650413888321
1298,1776821700000,10030.650413888321
1299,1776822000000,10030.650413888321
1300,1776822300000,10030.650413888321
1301,1776822600000,10030.650413888321
1302,1776822900000,10030.650413888321
1303,1776823200000,10030.650413888321
1304,1776823500000,10030.650413888321
1305,1776823800000,10030.650413888321
1306,1776824100000,10030.650413888321
1307,1776824400000,10030.650413888321
1308,1776824700000,10030.650413888321
1309,1776825000000,10030.650413888321
1310,1776825300000,10030.650413888321
1311,1776825600000,10030.650413888321
1312,1776825900000,10030.650413888321
1313,1776826200000,10030.650413888321
1314,1776826500000,10030.650413888321
1315,1776826800000,10030.650413888321
1316,1776827100000,10030.650413888321
1317,1776827400000,10030.650413888321
1318,1776827700000,10030.650413888321
1319,1776828000000,10030.650413888321
1320,1776828300000,10030.650413888321
1321,1776828600000,10030.650413888321
1322,1776828900000,10030.650413888321
1323,1776829200000,10030.650413888321
1324,1776829500000,10030.650413888321
1325,1776829800000,10030.650413888321
1326,1776830100000,10030.650413888321
1327,1776830400000,10030.650413888321
1328,1776830700000,10030.650413888321
1329,1776831000000,10030.650413888321
1330,1776831300000,10030.650413888321
1331,1776831600000,10030.650413888321
1332,1776831900000,10030.650413888321
1333,1776832200000,10030.650413888321
1334,1776832500000,10030.650413888321
1335,1776832800000,10030.650413888321
1336,1776833100000,10030.650413888321
1337,1776833400000,10030.650413888321
1338,1776833700000,10030.650413888321
1339,1776834000000,10030.650413888321
1340,1776834300000,10030.650413888321
1341,1776834600000,10030.650413888321
1342,1776834900000,10030.650413888321
1343,1776835200000,10030.650413888321
1344,1776835500000,10030.650413888321
1345,1776835800000,10030.650413888321
1346,1776836100000,10030.650413888321
1347,1776836400000,10030.650413888321
1348,1776836700000,10030.650413888321
1349,1776837000000,10030.650413888321
1350,1776837300000,10030.650413888321
1351,1776837600000,10030.650413888321
1352,1776837900000,10030.650413888321
1353,1776838200000,10030.650413888321
1354,1776838500000,10030.650413888321
1355,1776838800000,10030.650413888321
1356,1776839100000,10030.650413888321
1357,1776839400000,10030.650413888321
1358,1776839700000,10030.650413888321
1359,1776840000000,10030.650413888321
1360,1776840300000,10030.650413888321
1361,1776840600000,10030.650413888321
1362,1776840900000,10030.650413888321
1363,1776841200000,10030.650413888321
1364,1776841500000,10030.650413888321
1365,1776841800000,10030.650413888321
1366,1776842100000,10026.638153722766
1367,1776842400000,10031.473857916168
1368,1776842700000,10031.473857916168
1369,1776843000000,10031.473857916168
1370,1776843300000,10031.473857916168
1371,1776843600000,10031.473857916168
1372,1776843900000,10031.473857916168
1373,1776844200000,10031.473857916168
1374,1776844500000,10031.473857916168
1375,1776844800000,10031.473857916168
1376,1776845100000,10031.473857916168
1377,1776845400000,10031.473857916168
1378,1776845700000,10031.473857916168
1379,1776846000000,10031.473857916168
1380,1776846300000,10031.473857916168
1381,1776846600000,10031.473857916168
1382,1776846900000,10031.473857916168
1383,1776847200000,10031.473857916168
1384,1776847500000,10031.473857916168
1385,1776847800000,10031.473857916168
1386,1776848100000,10031.473857916168
1387,1776848400000,10031.473857916168
1388,1776848700000,10031.473857916168
1389,1776849000000,10031.473857916168
1390,1776849300000,10031.473857916168
1391,1776849600000,10031.473857916168
1392,1776849900000,10031.473857916168
1393,1776850200000,10031.473857916168
1394,1776850500000,10031.473857916168
1395,1776850800000,10031.473857916168
1396,1776851100000,10031.473857916168
1397,1776851400000,10031.473857916168
1398,1776851700000,10031.473857916168
1399,1776852000000,10031.473857916168
1400,1776852300000,10031.473857916168
1401,1776852600000,10031.473857916168
1402,1776852900000,10031.473857916168
1403,1776853200000,10031.473857916168
1404,1776853500000,10031.473857916168
1405,1776853800000,10031.473857916168
1406,1776854100000,10031.473857916168
1407,1776854400000,10031.473857916168
1408,1776854700000,10031.473857916168
1409,1776855000000,10031.473857916168
1410,1776855300000,10031.473857916168
1411,1776855600000,10031.473857916168
1412,1776855900000,10031.473857916168
1413,1776856200000,10031.473857916168
1414,1776856500000,10031.473857916168
1415,1776856800000,10031.473857916168
1416,1776857100000,10031.473857916168
1417,1776857400000,10031.473857916168
1418,1776857700000,10031.473857916168
1419,1776858000000,10031.473857916168
1420,1776858300000,10031.473857916168
1421,1776858600000,10031.473857916168
1422,1776858900000,10031.473857916168
1423,1776859200000,10031.473857916168
1424,1776859500000,10031.473857916168
1425,1776859800000,10031.473857916168
1426,1776860100000,10031.473857916168
1427,1776860400000,10031.473857916168
1428,1776860700000,10031.473857916168
1429,1776861000000,10031.473857916168
1430,1776861300000,10031.473857916168
1431,1776861600000,10031.473857916168
1432,1776861900000,10031.473857916168
1433,1776862200000,10031.473857916168
1434,1776862500000,10031.473857916168
1435,1776862800000,10031.473857916168
1436,1776863100000,10031.473857916168
1437,1776863400000,10031.473857916168
1438,1776863700000,10031.473857916168
1439,1776864000000,10031.473857916168
1440,1776864300000,10031.473857916168
1441,1776864600000,10031.473857916168
1442,1776864900000,10031.473857916168
1443,1776865200000,10031.473857916168
1444,1776865500000,10031.473857916168
1445,1776865800000,10031.473857916168
1446,1776866100000,10031.473857916168
1447,1776866400000,10031.473857916168
1448,1776866700000,10031.473857916168
1449,1776867000000,10031.473857916168
1450,1776867300000,10027.461268373001
1451,1776867600000,10005.723031107535
1452,1776867900000,10005.723031107535
1453,1776868200000,10005.723031107535
1454,1776868500000,10005.723031107535
1455,1776868800000,10005.723031107535
1456,1776869100000,10005.723031107535
1457,1776869400000,10005.723031107535
1458,1776869700000,10005.723031107535
1459,1776870000000,10005.723031107535
1460,1776870300000,10005.723031107535
1461,1776870600000,10005.723031107535
1462,1776870900000,10005.723031107535
1463,1776871200000,10005.723031107535
1464,1776871500000,10005.723031107535
1465,1776871800000,10005.723031107535
1466,1776872100000,10005.723031107535
1467,1776872400000,10005.723031107535
1468,1776872700000,10005.723031107535
1469,1776873000000,10005.723031107535
1470,1776873300000,10005.723031107535
1471,1776873600000,10005.723031107535
1472,1776873900000,10005.723031107535
1473,1776874200000,10005.723031107535
1474,1776874500000,10005.723031107535
1475,1776874800000,10005.723031107535
1476,1776875100000,10005.723031107535
1477,1776875400000,10005.723031107535
1478,1776875700000,10005.723031107535
1479,1776876000000,10005.723031107535
1480,1776876300000,10005.723031107535
1481,1776876600000,10005.723031107535
1482,1776876900000,10005.723031107535
1483,1776877200000,10005.723031107535
1484,1776877500000,10005.723031107535
1485,1776877800000,10005.723031107535
1486,1776878100000,10005.723031107535
1487,1776878400000,10005.723031107535
1488,1776878700000,10005.723031107535
1489,1776879000000,10005.723031107535
1490,1776879300000,10005.723031107535
1491,1776879600000,10005.723031107535
1492,1776879900000,10005.723031107535
1493,1776880200000,10005.723031107535
1494,1776880500000,10005.723031107535
1495,1776880800000,10005.723031107535
1496,1776881100000,10005.723031107535
1497,1776881400000,10005.723031107535
1498,1776881700000,10005.723031107535
1499,1776882000000,10005.723031107535
1500,1776882300000,10005.723031107535
1501,1776882600000,10005.723031107535
1502,1776882900000,10005.723031107535
1503,1776883200000,10005.723031107535
1504,1776883500000,10005.723031107535
1505,1776883800000,10005.723031107535
1506,1776884100000,10005.723031107535
1507,1776884400000,10005.723031107535
1508,1776884700000,10005.723031107535
1509,1776885000000,10005.723031107535
1510,1776885300000,10005.723031107535
1511,1776885600000,10005.723031107535
1512,1776885900000,10005.723031107535
1513,1776886200000,10005.723031107535
1514,1776886500000,10005.723031107535
1515,1776886800000,10005.723031107535
1516,1776887100000,10005.723031107535
1517,1776887400000,10005.723031107535
1518,1776887700000,10005.723031107535
1519,1776888000000,10005.723031107535
1520,1776888300000,10005.723031107535
1521,1776888600000,10005.723031107535
1522,1776888900000,10005.723031107535
1523,1776889200000,10005.723031107535
1524,1776889500000,10005.723031107535
1525,1776889800000,10005.723031107535
1526,1776890100000,10005.723031107535
1527,1776890400000,10005.723031107535
1528,1776890700000,10005.723031107535
1529,1776891000000,10005.723031107535
1530,1776891300000,10005.723031107535
1531,1776891600000,10005.723031107535
1532,1776891900000,10005.723031107535
1533,1776892200000,10005.723031107535
1534,1776892500000,10005.723031107535
1535,1776892800000,10005.723031107535
1536,1776893100000,10005.723031107535
1537,1776893400000,10005.723031107535
1538,1776893700000,10005.723031107535
1539,1776894000000,10005.723031107535
1540,1776894300000,10005.723031107535
1541,1776894600000,10005.723031107535
1542,1776894900000,10005.723031107535
1543,1776895200000,10005.723031107535
1544,1776895500000,10005.723031107535
1545,1776895800000,10005.723031107535
1546,1776896100000,10005.723031107535
1547,1776896400000,10005.723031107535
1548,1776896700000,10005.723031107535
1549,1776897000000,10005.723031107535
1550,1776897300000,10005.723031107535
1551,1776897600000,10005.723031107535
1552,1776897900000,10005.723031107535
1553,1776898200000,10005.723031107535
1554,1776898500000,10005.723031107535
1555,1776898800000,10005.723031107535
1556,1776899100000,10005.723031107535
1557,1776899400000,10005.723031107535
1558,1776899700000,10005.723031107535
1559,1776900000000,10005.723031107535
1560,1776900300000,10005.723031107535
1561,1776900600000,10005.723031107535
1562,1776900900000,10005.723031107535
1563,1776901200000,10005.723031107535
1564,1776901500000,10005.723031107535
1565,1776901800000,10005.723031107535
1566,1776902100000,10005.723031107535
1567,1776902400000,10005.723031107535
1568,1776902700000,10005.723031107535
1569,1776903000000,10005.723031107535
1570,1776903300000,10005.723031107535
1571,1776903600000,10005.723031107535
1572,1776903900000,10005.723031107535
1573,1776904200000,10005.723031107535
1574,1776904500000,10005.723031107535
1575,1776904800000,10005.723031107535
1576,1776905100000,10005.723031107535
1577,1776905400000,10005.723031107535
1578,1776905700000,10005.723031107535
1579,1776906000000,10005.723031107535
1580,1776906300000,10005.723031107535
1581,1776906600000,10005.723031107535
1582,1776906900000,10005.723031107535
1583,1776907200000,10005.723031107535
1584,1776907500000,10005.723031107535
1585,1776907800000,10005.723031107535
1586,1776908100000,10005.723031107535
1587,1776908400000,10005.723031107535
1588,1776908700000,10005.723031107535
1589,1776909000000,10005.723031107535
1590,1776909300000,10005.723031107535
1591,1776909600000,10005.723031107535
1592,1776909900000,10005.723031107535
1593,1776910200000,10005.723031107535
1594,1776910500000,10005.723031107535
1595,1776910800000,10005.723031107535
1596,1776911100000,10005.723031107535
1597,1776911400000,10005.723031107535
1598,1776911700000,10005.723031107535
1599,1776912000000,10005.723031107535
1600,1776912300000,10005.723031107535
1601,1776912600000,10005.723031107535
1602,1776912900000,10005.723031107535
1603,1776913200000,10005.723031107535
1604,1776913500000,10005.723031107535
1605,1776913800000,10005.723031107535
1606,1776914100000,10005.723031107535
1607,1776914400000,10005.723031107535
1608,1776914700000,10005.723031107535
1609,1776915000000,10005.723031107535
1610,1776915300000,10005.723031107535
1611,1776915600000,10005.723031107535
1612,1776915900000,10005.723031107535
1613,1776916200000,10005.723031107535
1614,1776916500000,10005.723031107535
1615,1776916800000,10005.723031107535
1616,1776917100000,10005.723031107535
1617,1776917400000,10005.723031107535
1618,1776917700000,10005.723031107535
1619,1776918000000,10005.723031107535
1620,1776918300000,10005.723031107535
1621,1776918600000,10005.723031107535
1622,1776918900000,10005.723031107535
1623,1776919200000,10005.723031107535
1624,1776919500000,10005.723031107535
1625,1776919800000,10005.723031107535
1626,1776920100000,10005.723031107535
1627,1776920400000,10005.723031107535
1628,1776920700000,10005.723031107535
1629,1776921000000,10005.723031107535
1630,1776921300000,10005.723031107535
1631,1776921600000,10005.723031107535
1632,1776921900000,10005.723031107535
1633,1776922200000,10005.723031107535
1634,1776922500000,10005.723031107535
1635,1776922800000,10005.723031107535
1636,1776923100000,10005.723031107535
1637,1776923400000,10005.723031107535
1638,1776923700000,10005.723031107535
1639,1776924000000,10005.723031107535
1640,1776924300000,10005.723031107535
1641,1776924600000,10005.723031107535
1642,1776924900000,10005.723031107535
1643,1776925200000,10005.723031107535
1644,1776925500000,10005.723031107535
1645,1776925800000,10005.723031107535
1646,1776926100000,10005.723031107535
1647,1776926400000,10005.723031107535
1648,1776926700000,10005.723031107535
1649,1776927000000,10005.723031107535
1650,1776927300000,10005.723031107535
1651,1776927600000,10005.723031107535
1652,1776927900000,10005.723031107535
1653,1776928200000,10005.723031107535
1654,1776928500000,10005.723031107535
1655,1776928800000,10005.723031107535
1656,1776929100000,10005.723031107535
1657,1776929400000,10005.723031107535
1658,1776929700000,10005.723031107535
1659,1776930000000,10005.723031107535
1660,1776930300000,10005.723031107535
1661,1776930600000,10005.723031107535
1662,1776930900000,10005.723031107535
1663,1776931200000,10005.723031107535
1664,1776931500000,10005.723031107535
1665,1776931800000,10005.723031107535
1666,1776932100000,10005.723031107535
1667,1776932400000,10005.723031107535
1668,1776932700000,10005.723031107535
1669,1776933000000,10005.723031107535
1670,1776933300000,10005.723031107535
1671,1776933600000,10005.723031107535
1672,1776933900000,10005.723031107535
1673,1776934200000,10005.723031107535
1674,1776934500000,10005.723031107535
1675,1776934800000,10005.723031107535
1676,1776935100000,10005.723031107535
1677,1776935400000,10005.723031107535
1678,1776935700000,10005.723031107535
1679,1776936000000,10005.723031107535
1680,1776936300000,10005.723031107535
1681,1776936600000,10005.723031107535
1682,1776936900000,10005.723031107535
1683,1776937200000,10005.723031107535
1684,1776937500000,10005.723031107535
1685,1776937800000,10005.723031107535
1686,1776938100000,10005.723031107535
1687,1776938400000,10005.723031107535
1688,1776938700000,10005.723031107535
1689,1776939000000,10005.723031107535
1690,1776939300000,10005.723031107535
1691,1776939600000,10005.723031107535
1692,1776939900000,10005.723031107535
1693,1776940200000,10005.723031107535
1694,1776940500000,10005.723031107535
1695,1776940800000,10005.723031107535
1696,1776941100000,10005.723031107535
1697,1776941400000,10005.723031107535
1698,1776941700000,10005.723031107535
1699,1776942000000,10005.723031107535
1700,1776942300000,10005.723031107535
1701,1776942600000,10005.723031107535
1702,1776942900000,10005.723031107535
1703,1776943200000,10005.723031107535
1704,1776943500000,10005.723031107535
1705,1776943800000,10005.723031107535
1706,1776944100000,10005.723031107535
1707,1776944400000,10005.723031107535
1708,1776944700000,10005.723031107535
1709,1776945000000,10005.723031107535
1710,1776945300000,10005.723031107535
1711,1776945600000,10005.723031107535
1712,1776945900000,10005.723031107535
1713,1776946200000,10005.723031107535
1714,1776946500000,10005.723031107535
1715,1776946800000,10005.723031107535
1716,1776947100000,10005.723031107535
1717,1776947400000,10005.723031107535
1718,1776947700000,10005.723031107535
1719,1776948000000,10005.723031107535
1720,1776948300000,10005.723031107535
1721,1776948600000,10005.723031107535
1722,1776948900000,10005.723031107535
1723,1776949200000,10005.723031107535
1724,1776949500000,10005.723031107535
1725,1776949800000,10005.723031107535
1726,1776950100000,10005.723031107535
1727,1776950400000,10005.723031107535
1728,1776950700000,10005.723031107535
1729,1776951000000,10005.723031107535
1730,1776951300000,10005.723031107535
1731,1776951600000,10005.723031107535
1732,1776951900000,10005.723031107535
1733,1776952200000,10005.723031107535
1734,1776952500000,10005.723031107535
1735,1776952800000,10005.723031107535
1736,1776953100000,10005.723031107535
1737,1776953400000,10005.723031107535
1738,1776953700000,10005.723031107535
1739,1776954000000,10005.723031107535
1740,1776954300000,10005.723031107535
1741,1776954600000,10005.723031107535
1742,1776954900000,10005.723031107535
1743,1776955200000,10005.723031107535
1744,1776955500000,10005.723031107535
1745,1776955800000,10005.723031107535
1746,1776956100000,10005.723031107535
1747,1776956400000,10001.720741895093
1748,1776956700000,9996.104505749025
1749,1776957000000,9996.104505749025
1750,1776957300000,9996.104505749025
1751,1776957600000,9996.104505749025
1752,1776957900000,9996.104505749025
1753,1776958200000,9996.104505749025
1754,1776958500000,9996.104505749025
1755,1776958800000,9996.104505749025
1756,1776959100000,9996.104505749025
1757,1776959400000,9996.104505749025
1758,1776959700000,9996.104505749025
1759,1776960000000,9996.104505749025
1760,1776960300000,9996.104505749025
1761,1776960600000,9996.104505749025
1762,1776960900000,9996.104505749025
1763,1776961200000,9996.104505749025
1764,1776961500000,9996.104505749025
1765,1776961800000,9996.104505749025
1766,1776962100000,9996.104505749025
1767,1776962400000,9996.104505749025
1768,1776962700000,9996.104505749025
1769,1776963000000,9996.104505749025
1770,1776963300000,9996.104505749025
1771,1776963600000,9996.104505749025
1772,1776963900000,9996.104505749025
1773,1776964200000,9996.104505749025
1774,1776964500000,9996.104505749025
1775,1776964800000,9996.104505749025
1776,1776965100000,9996.104505749025
1777,1776965400000,9996.104505749025
1778,1776965700000,9996.104505749025
1779,1776966000000,9996.104505749025
1780,1776966300000,9996.104505749025
1781,1776966600000,9996.104505749025
1782,1776966900000,9996.104505749025
1783,1776967200000,9996.104505749025
1784,1776967500000,9996.104505749025
1785,1776967800000,9996.104505749025
1786,1776968100000,9996.104505749025
1787,1776968400000,9996.104505749025
1788,1776968700000,9996.104505749025
1789,1776969000000,9996.104505749025
1790,1776969300000,9996.104505749025
1791,1776969600000,9996.104505749025
1792,1776969900000,9996.104505749025
1793,1776970200000,9996.104505749025
1794,1776970500000,9996.104505749025
1795,1776970800000,9996.104505749025
1796,1776971100000,9996.104505749025
1797,1776971400000,9996.104505749025
1798,1776971700000,9996.104505749025
1799,1776972000000,9996.104505749025
1800,1776972300000,9996.104505749025
1801,1776972600000,9996.104505749025
1802,1776972900000,9996.104505749025
1803,1776973200000,9996.104505749025
1804,1776973500000,9996.104505749025
1805,1776973800000,9996.104505749025
1806,1776974100000,9996.104505749025
1807,1776974400000,9996.104505749025
1808,1776974700000,9996.104505749025
1809,1776975000000,9996.104505749025
1810,1776975300000,9996.104505749025
1811,1776975600000,9996.104505749025
1812,1776975900000,9996.104505749025
1813,1776976200000,9996.104505749025
1814,1776976500000,9996.104505749025
1815,1776976800000,9996.104505749025
1816,1776977100000,9996.104505749025
1817,1776977400000,9996.104505749025
1818,1776977700000,9996.104505749025
1819,1776978000000,9996.104505749025
1820,1776978300000,9996.104505749025
1821,1776978600000,9996.104505749025
1822,1776978900000,9996.104505749025
1823,1776979200000,9996.104505749025
1824,1776979500000,9996.104505749025
1825,1776979800000,9996.104505749025
1826,1776980100000,9996.104505749025
1827,1776980400000,9996.104505749025
1828,1776980700000,9996.104505749025
1829,1776981000000,9996.104505749025
1830,1776981300000,9996.104505749025
1831,1776981600000,9996.104505749025
1832,1776981900000,9996.104505749025
1833,1776982200000,9996.104505749025
1834,1776982500000,9996.104505749025
1835,1776982800000,9996.104505749025
1836,1776983100000,9996.104505749025
1837,1776983400000,9996.104505749025
1838,1776983700000,9996.104505749025
1839,1776984000000,9996.104505749025
1840,1776984300000,9996.104505749025
1841,1776984600000,9996.104505749025
1842,1776984900000,9996.104505749025
1843,1776985200000,9996.104505749025
1844,1776985500000,9996.104505749025
1845,1776985800000,9996.104505749025
1846,1776986100000,9996.104505749025
1847,1776986400000,9996.104505749025
1848,1776986700000,9996.104505749025
1849,1776987000000,9996.104505749025
1850,1776987300000,9996.104505749025
1851,1776987600000,9996.104505749025
1852,1776987900000,9996.104505749025
1853,1776988200000,9996.104505749025
1854,1776988500000,9996.104505749025
1855,1776988800000,9996.104505749025
1856,1776989100000,9996.104505749025
1857,1776989400000,9996.104505749025
1858,1776989700000,9996.104505749025
1859,1776990000000,9996.104505749025
1860,1776990300000,9996.104505749025
1861,1776990600000,9996.104505749025
1862,1776990900000,9996.104505749025
1863,1776991200000,9996.104505749025
1864,1776991500000,9996.104505749025
1865,1776991800000,9996.104505749025
1866,1776992100000,9996.104505749025
1867,1776992400000,9996.104505749025
1868,1776992700000,9996.104505749025
1869,1776993000000,9996.104505749025
1870,1776993300000,9996.104505749025
1871,1776993600000,9996.104505749025
1872,1776993900000,9996.104505749025
1873,1776994200000,9996.104505749025
1874,1776994500000,9996.104505749025
1875,1776994800000,9996.104505749025
1876,1776995100000,9996.104505749025
1877,1776995400000,9996.104505749025
1878,1776995700000,9996.104505749025
1879,1776996000000,9996.104505749025
1880,1776996300000,9996.104505749025
1881,1776996600000,9996.104505749025
1882,1776996900000,9996.104505749025
1883,1776997200000,9996.104505749025
1884,1776997500000,9996.104505749025
1885,1776997800000,9996.104505749025
1886,1776998100000,9996.104505749025
1887,1776998400000,9996.104505749025
1888,1776998700000,9996.104505749025
1889,1776999000000,9996.104505749025
1890,1776999300000,9996.104505749025
1891,1776999600000,9996.104505749025
1892,1776999900000,9996.104505749025
1893,1777000200000,9996.104505749025
1894,1777000500000,9996.104505749025
1895,1777000800000,9996.104505749025
1896,1777001100000,9996.104505749025
1897,1777001400000,9996.104505749025
1898,1777001700000,9996.104505749025
1899,1777002000000,9996.104505749025
1900,1777002300000,9996.104505749025
1901,1777002600000,9996.104505749025
1902,1777002900000,9996.104505749025
1903,1777003200000,9996.104505749025
1904,1777003500000,9996.104505749025
1905,1777003800000,9996.104505749025
1906,1777004100000,9996.104505749025
1907,1777004400000,9996.104505749025
1908,1777004700000,9996.104505749025
1909,1777005000000,9996.104505749025
1910,1777005300000,9996.104505749025
1911,1777005600000,9996.104505749025
1912,1777005900000,9996.104505749025
1913,1777006200000,9996.104505749025
1914,1777006500000,9996.104505749025
1915,1777006800000,9996.104505749025
1916,1777007100000,9996.104505749025
1917,1777007400000,9996.104505749025
1918,1777007700000,9996.104505749025
1919,1777008000000,9996.104505749025
1920,1777008300000,9996.104505749025
1921,1777008600000,9996.104505749025
1922,1777008900000,9996.104505749025
1923,1777009200000,9996.104505749025
1924,1777009500000,9996.104505749025
1925,1777009800000,9996.104505749025
1926,1777010100000,9996.104505749025
1927,1777010400000,9996.104505749025
1928,1777010700000,9996.104505749025
1929,1777011000000,9996.104505749025
1930,1777011300000,9996.104505749025
1931,1777011600000,9996.104505749025
1932,1777011900000,9996.104505749025
1933,1777012200000,9996.104505749025
1934,1777012500000,9996.104505749025
1935,1777012800000,9996.104505749025
1936,1777013100000,9996.104505749025
1937,1777013400000,9996.104505749025
1938,1777013700000,9996.104505749025
1939,1777014000000,9996.104505749025
1940,1777014300000,9996.104505749025
1941,1777014600000,9996.104505749025
1942,1777014900000,9996.104505749025
1943,1777015200000,9996.104505749025
1944,1777015500000,9996.104505749025
1945,1777015800000,9996.104505749025
1946,1777016100000,9996.104505749025
1947,1777016400000,9996.104505749025
1948,1777016700000,9996.104505749025
1949,1777017000000,9996.104505749025
1950,1777017300000,9996.104505749025
1951,1777017600000,9996.104505749025
1952,1777017900000,9996.104505749025
1953,1777018200000,9996.104505749025
1954,1777018500000,9996.104505749025
1955,1777018800000,9996.104505749025
1956,1777019100000,9996.104505749025
1957,1777019400000,9996.104505749025
1958,1777019700000,9996.104505749025
1959,1777020000000,9996.104505749025
1960,1777020300000,9996.104505749025
1961,1777020600000,9996.104505749025
1962,1777020900000,9996.104505749025
1963,1777021200000,9996.104505749025
1964,1777021500000,9996.104505749025
1965,1777021800000,9996.104505749025
1966,1777022100000,9996.104505749025
1967,1777022400000,9996.104505749025
1968,1777022700000,9996.104505749025
1969,1777023000000,9996.104505749025
1970,1777023300000,9996.104505749025
1971,1777023600000,9996.104505749025
1972,1777023900000,9996.104505749025
1973,1777024200000,9996.104505749025
1974,1777024500000,9996.104505749025
1975,1777024800000,9996.104505749025
1976,1777025100000,9996.104505749025
1977,1777025400000,9996.104505749025
1978,1777025700000,9996.104505749025
1979,1777026000000,9996.104505749025
1980,1777026300000,9996.104505749025
1981,1777026600000,9996.104505749025
1982,1777026900000,9996.104505749025
1983,1777027200000,9996.104505749025
1984,1777027500000,9996.104505749025
1985,1777027800000,9996.104505749025
1986,1777028100000,9996.104505749025
1987,1777028400000,9996.104505749025
1988,1777028700000,9996.104505749025
1989,1777029000000,9996.104505749025
1990,1777029300000,9996.104505749025
1991,1777029600000,9996.104505749025
1992,1777029900000,9996.104505749025
1993,1777030200000,9996.104505749025
1994,1777030500000,9996.104505749025
1995,1777030800000,9996.104505749025
1996,1777031100000,9996.104505749025
1997,1777031400000,9996.104505749025
1998,1777031700000,9996.104505749025
1999,1777032000000,9996.104505749025
2000,1777032300000,9996.104505749025
2001,1777032600000,9996.104505749025
2002,1777032900000,9996.104505749025
2003,1777033200000,9996.104505749025
2004,1777033500000,9996.104505749025
2005,1777033800000,9996.104505749025
2006,1777034100000,9996.104505749025
2007,1777034400000,9996.104505749025
2008,1777034700000,9996.104505749025
2009,1777035000000,9996.104505749025
2010,1777035300000,9996.104505749025
2011,1777035600000,9996.104505749025
2012,1777035900000,9996.104505749025
2013,1777036200000,9996.104505749025
2014,1777036500000,9996.104505749025
2015,1777036800000,9996.104505749025
2016,1777037100000,9996.104505749025
2017,1777037400000,9996.104505749025
2018,1777037700000,9996.104505749025
2019,1777038000000,9996.104505749025
2020,1777038300000,9996.104505749025
2021,1777038600000,9996.104505749025
2022,1777038900000,9996.104505749025
2023,1777039200000,9996.104505749025
2024,1777039500000,9996.104505749025
2025,1777039800000,9996.104505749025
2026,1777040100000,9996.104505749025
2027,1777040400000,9996.104505749025
2028,1777040700000,9996.104505749025
2029,1777041000000,9996.104505749025
2030,1777041300000,9996.104505749025
2031,1777041600000,9996.104505749025
2032,1777041900000,9996.104505749025
2033,1777042200000,9996.104505749025
2034,1777042500000,9996.104505749025
2035,1777042800000,9996.104505749025
2036,1777043100000,9996.104505749025
2037,1777043400000,9996.104505749025
2038,1777043700000,9996.104505749025
2039,1777044000000,9996.104505749025
2040,1777044300000,9996.104505749025
2041,1777044600000,9996.104505749025
2042,1777044900000,9996.104505749025
2043,1777045200000,9996.104505749025
2044,1777045500000,9996.104505749025
2045,1777045800000,9996.104505749025
2046,1777046100000,9996.104505749025
2047,1777046400000,9996.104505749025
2048,1777046700000,9996.104505749025
2049,1777047000000,9996.104505749025
2050,1777047300000,9996.104505749025
2051,1777047600000,9996.104505749025
2052,1777047900000,9996.104505749025
2053,1777048200000,9996.104505749025
2054,1777048500000,9996.104505749025
2055,1777048800000,9996.104505749025
2056,1777049100000,9996.104505749025
2057,1777049400000,9996.104505749025
2058,1777049700000,9996.104505749025
2059,1777050000000,9996.104505749025
2060,1777050300000,9996.104505749025
2061,1777050600000,9996.104505749025
2062,1777050900000,9996.104505749025
2063,1777051200000,9996.104505749025
2064,1777051500000,9996.104505749025
2065,1777051800000,9996.104505749025
2066,1777052100000,9996.104505749025
2067,1777052400000,9996.104505749025
2068,1777052700000,9996.104505749025
2069,1777053000000,9996.104505749025
2070,1777053300000,9996.104505749025
2071,1777053600000,9996.104505749025
2072,1777053900000,9996.104505749025
2073,1777054200000,9996.104505749025
2074,1777054500000,9996.104505749025
2075,1777054800000,9996.104505749025
2076,1777055100000,9996.104505749025
2077,1777055400000,9996.104505749025
2078,1777055700000,9996.104505749025
2079,1777056000000,9996.104505749025
2080,1777056300000,9996.104505749025
2081,1777056600000,9996.104505749025
2082,1777056900000,9996.104505749025
2083,1777057200000,9996.104505749025
2084,1777057500000,9996.104505749025
2085,1777057800000,9996.104505749025
2086,1777058100000,9996.104505749025
2087,1777058400000,9996.104505749025
2088,1777058700000,9996.104505749025
2089,1777059000000,9996.104505749025
2090,1777059300000,9996.104505749025
2091,1777059600000,9996.104505749025
2092,1777059900000,9996.104505749025
2093,1777060200000,9996.104505749025
2094,1777060500000,9996.104505749025
2095,1777060800000,9996.104505749025
2096,1777061100000,9996.104505749025
2097,1777061400000,9996.104505749025
2098,1777061700000,9996.104505749025
2099,1777062000000,9996.104505749025
2100,1777062300000,9996.104505749025
2101,1777062600000,9996.104505749025
2102,1777062900000,9996.104505749025
2103,1777063200000,9996.104505749025
2104,1777063500000,9996.104505749025
2105,1777063800000,9996.104505749025
2106,1777064100000,9996.104505749025
2107,1777064400000,9996.104505749025
2108,1777064700000,9996.104505749025
2109,1777065000000,9996.104505749025
2110,1777065300000,9996.104505749025
2111,1777065600000,9996.104505749025
2112,1777065900000,9996.104505749025
2113,1777066200000,9996.104505749025
2114,1777066500000,9996.104505749025
2115,1777066800000,9996.104505749025
2116,1777067100000,9996.104505749025
2117,1777067400000,9996.104505749025
2118,1777067700000,9996.104505749025
2119,1777068000000,9996.104505749025
2120,1777068300000,9996.104505749025
2121,1777068600000,9996.104505749025
2122,1777068900000,9996.104505749025
2123,1777069200000,9996.104505749025
2124,1777069500000,9996.104505749025
2125,1777069800000,9996.104505749025
2126,1777070100000,9996.104505749025
2127,1777070400000,9996.104505749025
2128,1777070700000,9996.104505749025
2129,1777071000000,9996.104505749025
2130,1777071300000,9996.104505749025
2131,1777071600000,9996.104505749025
2132,1777071900000,9996.104505749025
2133,1777072200000,9996.104505749025
2134,1777072500000,9996.104505749025
2135,1777072800000,9996.104505749025
2136,1777073100000,9996.104505749025
2137,1777073400000,9996.104505749025
2138,1777073700000,9996.104505749025
2139,1777074000000,9996.104505749025
2140,1777074300000,9996.104505749025
2141,1777074600000,9996.104505749025
2142,1777074900000,9996.104505749025
2143,1777075200000,9996.104505749025
2144,1777075500000,9996.104505749025
2145,1777075800000,9996.104505749025
2146,1777076100000,9996.104505749025
2147,1777076400000,9996.104505749025
2148,1777076700000,9996.104505749025
2149,1777077000000,9996.104505749025
2150,1777077300000,9996.104505749025
2151,1777077600000,9996.104505749025
2152,1777077900000,9996.104505749025
2153,1777078200000,9996.104505749025
2154,1777078500000,9996.104505749025
2155,1777078800000,9996.104505749025
2156,1777079100000,9996.104505749025
2157,1777079400000,9996.104505749025
2158,1777079700000,9996.104505749025
2159,1777080000000,9996.104505749025
2160,1777080300000,9996.104505749025
2161,1777080600000,9996.104505749025
2162,1777080900000,9996.104505749025
2163,1777081200000,9996.104505749025
2164,1777081500000,9996.104505749025
2165,1777081800000,9996.104505749025
2166,1777082100000,9996.104505749025
2167,1777082400000,9996.104505749025
2168,1777082700000,9996.104505749025
2169,1777083000000,9996.104505749025
2170,1777083300000,9996.104505749025
2171,1777083600000,9996.104505749025
2172,1777083900000,9996.104505749025
2173,1777084200000,9996.104505749025
2174,1777084500000,9996.104505749025
2175,1777084800000,9996.104505749025
2176,1777085100000,9996.104505749025
2177,1777085400000,9996.104505749025
2178,1777085700000,9996.104505749025
2179,1777086000000,9996.104505749025
2180,1777086300000,9996.104505749025
2181,1777086600000,9996.104505749025
2182,1777086900000,9996.104505749025
2183,1777087200000,9996.104505749025
2184,1777087500000,9996.104505749025
2185,1777087800000,9996.104505749025
2186,1777088100000,9996.104505749025
2187,1777088400000,9996.104505749025
2188,1777088700000,9996.104505749025
2189,1777089000000,9996.104505749025
2190,1777089300000,9996.104505749025
2191,1777089600000,9996.104505749025
2192,1777089900000,9996.104505749025
2193,1777090200000,9996.104505749025
2194,1777090500000,9996.104505749025
2195,1777090800000,9996.104505749025
2196,1777091100000,9996.104505749025
2197,1777091400000,9996.104505749025
2198,1777091700000,9996.104505749025
2199,1777092000000,9996.104505749025
2200,1777092300000,9996.104505749025
2201,1777092600000,9996.104505749025
2202,1777092900000,9996.104505749025
2203,1777093200000,9996.104505749025
2204,1777093500000,9996.104505749025
2205,1777093800000,9996.104505749025
2206,1777094100000,9996.104505749025
2207,1777094400000,9996.104505749025
2208,1777094700000,9996.104505749025
2209,1777095000000,9996.104505749025
2210,1777095300000,9996.104505749025
2211,1777095600000,9996.104505749025
2212,1777095900000,9996.104505749025
2213,1777096200000,9996.104505749025
2214,1777096500000,9996.104505749025
2215,1777096800000,9996.104505749025
2216,1777097100000,9996.104505749025
2217,1777097400000,9996.104505749025
2218,1777097700000,9996.104505749025
2219,1777098000000,9996.104505749025
2220,1777098300000,9996.104505749025
2221,1777098600000,9996.104505749025
2222,1777098900000,9996.104505749025
2223,1777099200000,9996.104505749025
2224,1777099500000,9996.104505749025
2225,1777099800000,9996.104505749025
2226,1777100100000,9996.104505749025
2227,1777100400000,9996.104505749025
2228,1777100700000,9996.104505749025
2229,1777101000000,9996.104505749025
2230,1777101300000,9996.104505749025
2231,1777101600000,9996.104505749025
2232,1777101900000,9996.104505749025
2233,1777102200000,9996.104505749025
2234,1777102500000,9996.104505749025
2235,1777102800000,9996.104505749025
2236,1777103100000,9996.104505749025
2237,1777103400000,9996.104505749025
2238,1777103700000,9996.104505749025
2239,1777104000000,9996.104505749025
2240,1777104300000,9996.104505749025
2241,1777104600000,9996.104505749025
2242,1777104900000,9996.104505749025
2243,1777105200000,9996.104505749025
2244,1777105500000,9996.104505749025
2245,1777105800000,9996.104505749025
2246,1777106100000,9996.104505749025
2247,1777106400000,9996.104505749025
2248,1777106700000,9996.104505749025
2249,1777107000000,9996.104505749025
2250,1777107300000,9996.104505749025
2251,1777107600000,9996.104505749025
2252,1777107900000,9996.104505749025
2253,1777108200000,9996.104505749025
2254,1777108500000,9996.104505749025
2255,1777108800000,9996.104505749025
2256,1777109100000,9996.104505749025
2257,1777109400000,9996.104505749025
2258,1777109700000,9996.104505749025
2259,1777110000000,9996.104505749025
2260,1777110300000,9996.104505749025
2261,1777110600000,9996.104505749025
2262,1777110900000,9992.106063946727
2263,1777111200000,9990.882607695914
2264,1777111500000,9990.882607695914
2265,1777111800000,9990.882607695914
2266,1777112100000,9990.882607695914
2267,1777112400000,9990.882607695914
2268,1777112700000,9990.882607695914
2269,1777113000000,9990.882607695914
2270,1777113300000,9990.882607695914
2271,1777113600000,9990.882607695914
2272,1777113900000,9990.882607695914
2273,1777114200000,9990.882607695914
2274,1777114500000,9990.882607695914
2275,1777114800000,9990.882607695914
2276,1777115100000,9990.882607695914
2277,1777115400000,9990.882607695914
2278,1777115700000,9990.882607695914
2279,1777116000000,9990.882607695914
2280,1777116300000,9990.882607695914
2281,1777116600000,9990.882607695914
2282,1777116900000,9990.882607695914
2283,1777117200000,9990.882607695914
2284,1777117500000,9990.882607695914
2285,1777117800000,9990.882607695914
2286,1777118100000,9990.882607695914
2287,1777118400000,9990.882607695914
2288,1777118700000,9990.882607695914
2289,1777119000000,9990.882607695914
2290,1777119300000,9990.882607695914
2291,1777119600000,9990.882607695914
2292,1777119900000,9990.882607695914
2293,1777120200000,9990.882607695914
2294,1777120500000,9990.882607695914
2295,1777120800000,9990.882607695914
2296,1777121100000,9990.882607695914
2297,1777121400000,9990.882607695914
2298,1777121700000,9990.882607695914
2299,1777122000000,9990.882607695914
2300,1777122300000,9990.882607695914
2301,1777122600000,9990.882607695914
2302,1777122900000,9990.882607695914
2303,1777123200000,9990.882607695914
2304,1777123500000,9990.882607695914
2305,1777123800000,9990.882607695914
2306,1777124100000,9990.882607695914
2307,1777124400000,9990.882607695914
2308,1777124700000,9990.882607695914
2309,1777125000000,9990.882607695914
2310,1777125300000,9990.882607695914
2311,1777125600000,9990.882607695914
2312,1777125900000,9990.882607695914
2313,1777126200000,9990.882607695914
2314,1777126500000,9990.882607695914
2315,1777126800000,9990.882607695914
2316,1777127100000,9990.882607695914
2317,1777127400000,9990.882607695914
2318,1777127700000,9990.882607695914
2319,1777128000000,9990.882607695914
2320,1777128300000,9990.882607695914
2321,1777128600000,9990.882607695914
2322,1777128900000,9990.882607695914
2323,1777129200000,9990.882607695914
2324,1777129500000,9990.882607695914
2325,1777129800000,9990.882607695914
2326,1777130100000,9990.882607695914
2327,1777130400000,9990.882607695914
2328,1777130700000,9990.882607695914
2329,1777131000000,9990.882607695914
2330,1777131300000,9990.882607695914
2331,1777131600000,9990.882607695914
2332,1777131900000,9990.882607695914
2333,1777132200000,9990.882607695914
2334,1777132500000,9990.882607695914
2335,1777132800000,9990.882607695914
2336,1777133100000,9990.882607695914
2337,1777133400000,9990.882607695914
2338,1777133700000,9990.882607695914
2339,1777134000000,9990.882607695914
2340,1777134300000,9990.882607695914
2341,1777134600000,9990.882607695914
2342,1777134900000,9990.882607695914
2343,1777135200000,9990.882607695914
2344,1777135500000,9990.882607695914
2345,1777135800000,9990.882607695914
2346,1777136100000,9990.882607695914
2347,1777136400000,9990.882607695914
2348,1777136700000,9990.882607695914
2349,1777137000000,9990.882607695914
2350,1777137300000,9990.882607695914
2351,1777137600000,9990.882607695914
2352,1777137900000,9990.882607695914
2353,1777138200000,9990.882607695914
2354,1777138500000,9990.882607695914
2355,1777138800000,9990.882607695914
2356,1777139100000,9990.882607695914
2357,1777139400000,9990.882607695914
2358,1777139700000,9990.882607695914
2359,1777140000000,9990.882607695914
2360,1777140300000,9990.882607695914
2361,1777140600000,9990.882607695914
2362,1777140900000,9990.882607695914
2363,1777141200000,9990.882607695914
2364,1777141500000,9990.882607695914
2365,1777141800000,9990.882607695914
2366,1777142100000,9990.882607695914
2367,1777142400000,9990.882607695914
2368,1777142700000,9990.882607695914
2369,1777143000000,9990.882607695914
2370,1777143300000,9990.882607695914
2371,1777143600000,9990.882607695914
2372,1777143900000,9990.882607695914
2373,1777144200000,9990.882607695914
2374,1777144500000,9990.882607695914
2375,1777144800000,9990.882607695914
2376,1777145100000,9990.882607695914
2377,1777145400000,9990.882607695914
2378,1777145700000,9990.882607695914
2379,1777146000000,9990.882607695914
2380,1777146300000,9990.882607695914
2381,1777146600000,9990.882607695914
2382,1777146900000,9990.882607695914
2383,1777147200000,9990.882607695914
2384,1777147500000,9990.882607695914
2385,1777147800000,9990.882607695914
2386,1777148100000,9990.882607695914
2387,1777148400000,9990.882607695914
2388,1777148700000,9990.882607695914
2389,1777149000000,9990.882607695914
2390,1777149300000,9990.882607695914
2391,1777149600000,9990.882607695914
2392,1777149900000,9990.882607695914
2393,1777150200000,9990.882607695914
2394,1777150500000,9990.882607695914
2395,1777150800000,9990.882607695914
2396,1777151100000,9990.882607695914
2397,1777151400000,9990.882607695914
2398,1777151700000,9990.882607695914
2399,1777152000000,9990.882607695914
2400,1777152300000,9990.882607695914
2401,1777152600000,9990.882607695914
2402,1777152900000,9990.882607695914
2403,1777153200000,9990.882607695914
2404,1777153500000,9990.882607695914
2405,1777153800000,9990.882607695914
2406,1777154100000,9990.882607695914
2407,1777154400000,9990.882607695914
2408,1777154700000,9990.882607695914
2409,1777155000000,9990.882607695914
2410,1777155300000,9990.882607695914
2411,1777155600000,9990.882607695914
2412,1777155900000,9990.882607695914
2413,1777156200000,9990.882607695914
2414,1777156500000,9990.882607695914
2415,1777156800000,9990.882607695914
2416,1777157100000,9990.882607695914
2417,1777157400000,9990.882607695914
2418,1777157700000,9990.882607695914
2419,1777158000000,9990.882607695914
2420,1777158300000,9990.882607695914
2421,1777158600000,9990.882607695914
2422,1777158900000,9990.882607695914
2423,1777159200000,9990.882607695914
2424,1777159500000,9990.882607695914
2425,1777159800000,9990.882607695914
2426,1777160100000,9990.882607695914
2427,1777160400000,9990.882607695914
2428,1777160700000,9990.882607695914
2429,1777161000000,9990.882607695914
2430,1777161300000,9990.882607695914
2431,1777161600000,9990.882607695914
2432,1777161900000,9990.882607695914
2433,1777162200000,9990.882607695914
2434,1777162500000,9990.882607695914
2435,1777162800000,9990.882607695914
2436,1777163100000,9990.882607695914
2437,1777163400000,9990.882607695914
2438,1777163700000,9990.882607695914
2439,1777164000000,9990.882607695914
2440,1777164300000,9990.882607695914
2441,1777164600000,9990.882607695914
2442,1777164900000,9990.882607695914
2443,1777165200000,9990.882607695914
2444,1777165500000,9990.882607695914
2445,1777165800000,9990.882607695914
2446,1777166100000,9990.882607695914
2447,1777166400000,9990.882607695914
2448,1777166700000,9990.882607695914
2449,1777167000000,9990.882607695914
2450,1777167300000,9990.882607695914
2451,1777167600000,9990.882607695914
2452,1777167900000,9990.882607695914
2453,1777168200000,9990.882607695914
2454,1777168500000,9990.882607695914
2455,1777168800000,9990.882607695914
2456,1777169100000,9990.882607695914
2457,1777169400000,9990.882607695914
2458,1777169700000,9990.882607695914
2459,1777170000000,9990.882607695914
2460,1777170300000,9990.882607695914
2461,1777170600000,9990.882607695914
2462,1777170900000,9990.882607695914
2463,1777171200000,9990.882607695914
2464,1777171500000,9990.882607695914
2465,1777171800000,9990.882607695914
2466,1777172100000,9990.882607695914
2467,1777172400000,9990.882607695914
2468,1777172700000,9990.882607695914
2469,1777173000000,9990.882607695914
2470,1777173300000,9990.882607695914
2471,1777173600000,9990.882607695914
2472,1777173900000,9990.882607695914
2473,1777174200000,9990.882607695914
2474,1777174500000,9990.882607695914
2475,1777174800000,9990.882607695914
2476,1777175100000,9990.882607695914
2477,1777175400000,9990.882607695914
2478,1777175700000,9990.882607695914
2479,1777176000000,9990.882607695914
2480,1777176300000,9990.882607695914
2481,1777176600000,9990.882607695914
2482,1777176900000,9990.882607695914
2483,1777177200000,9990.882607695914
2484,1777177500000,9990.882607695914
2485,1777177800000,9990.882607695914
2486,1777178100000,9990.882607695914
2487,1777178400000,9990.882607695914
2488,1777178700000,9990.882607695914
2489,1777179000000,9990.882607695914
2490,1777179300000,9990.882607695914
2491,1777179600000,9990.882607695914
2492,1777179900000,9990.882607695914
2493,1777180200000,9990.882607695914
2494,1777180500000,9990.882607695914
2495,1777180800000,9990.882607695914
2496,1777181100000,9990.882607695914
2497,1777181400000,9990.882607695914
2498,1777181700000,9990.882607695914
2499,1777182000000,9990.882607695914
2500,1777182300000,9990.882607695914
2501,1777182600000,9990.882607695914
2502,1777182900000,9990.882607695914
2503,1777183200000,9990.882607695914
2504,1777183500000,9990.882607695914
2505,1777183800000,9990.882607695914
2506,1777184100000,9990.882607695914
2507,1777184400000,9990.882607695914
2508,1777184700000,9990.882607695914
2509,1777185000000,9990.882607695914
2510,1777185300000,9990.882607695914
2511,1777185600000,9990.882607695914
2512,1777185900000,9990.882607695914
2513,1777186200000,9990.882607695914
2514,1777186500000,9990.882607695914
2515,1777186800000,9990.882607695914
2516,1777187100000,9990.882607695914
2517,1777187400000,9990.882607695914
2518,1777187700000,9990.882607695914
2519,1777188000000,9990.882607695914
2520,1777188300000,9990.882607695914
2521,1777188600000,9990.882607695914
2522,1777188900000,9990.882607695914
2523,1777189200000,9990.882607695914
2524,1777189500000,9990.882607695914
2525,1777189800000,9990.882607695914
2526,1777190100000,9990.882607695914
2527,1777190400000,9990.882607695914
2528,1777190700000,9990.882607695914
2529,1777191000000,9990.882607695914
2530,1777191300000,9990.882607695914
2531,1777191600000,9990.882607695914
2532,1777191900000,9990.882607695914
2533,1777192200000,9990.882607695914
2534,1777192500000,9990.882607695914
2535,1777192800000,9990.882607695914
2536,1777193100000,9990.882607695914
2537,1777193400000,9990.882607695914
2538,1777193700000,9990.882607695914
2539,1777194000000,9990.882607695914
2540,1777194300000,9990.882607695914
2541,1777194600000,9990.882607695914
2542,1777194900000,9990.882607695914
2543,1777195200000,9990.882607695914
2544,1777195500000,9990.882607695914
2545,1777195800000,9990.882607695914
2546,1777196100000,9990.882607695914
2547,1777196400000,9990.882607695914
2548,1777196700000,9990.882607695914
2549,1777197000000,9990.882607695914
2550,1777197300000,9990.882607695914
2551,1777197600000,9990.882607695914
2552,1777197900000,9990.882607695914
2553,1777198200000,9990.882607695914
2554,1777198500000,9990.882607695914
2555,1777198800000,9990.882607695914
2556,1777199100000,9990.882607695914
2557,1777199400000,9990.882607695914
2558,1777199700000,9990.882607695914
2559,1777200000000,9990.882607695914
2560,1777200300000,9990.882607695914
2561,1777200600000,9990.882607695914
2562,1777200900000,9990.882607695914
2563,1777201200000,9990.882607695914
2564,1777201500000,9990.882607695914
2565,1777201800000,9990.882607695914
2566,1777202100000,9990.882607695914
2567,1777202400000,9990.882607695914
2568,1777202700000,9990.882607695914
2569,1777203000000,9990.882607695914
2570,1777203300000,9990.882607695914
2571,1777203600000,9990.882607695914
2572,1777203900000,9990.882607695914
2573,1777204200000,9990.882607695914
2574,1777204500000,9990.882607695914
2575,1777204800000,9990.882607695914
2576,1777205100000,9990.882607695914
2577,1777205400000,9990.882607695914
2578,1777205700000,9990.882607695914
2579,1777206000000,9990.882607695914
2580,1777206300000,9990.882607695914
2581,1777206600000,9990.882607695914
2582,1777206900000,9990.882607695914
2583,1777207200000,9990.882607695914
2584,1777207500000,9990.882607695914
2585,1777207800000,9990.882607695914
2586,1777208100000,9990.882607695914
2587,1777208400000,9990.882607695914
2588,1777208700000,9990.882607695914
2589,1777209000000,9990.882607695914
2590,1777209300000,9990.882607695914
2591,1777209600000,9990.882607695914
2592,1777209900000,9990.882607695914
2593,1777210200000,9990.882607695914
2594,1777210500000,9990.882607695914
2595,1777210800000,9990.882607695914
2596,1777211100000,9990.882607695914
2597,1777211400000,9990.882607695914
2598,1777211700000,9990.882607695914
2599,1777212000000,9990.882607695914
2600,1777212300000,9990.882607695914
2601,1777212600000,9990.882607695914
2602,1777212900000,9990.882607695914
2603,1777213200000,9990.882607695914
2604,1777213500000,9990.882607695914
2605,1777213800000,9990.882607695914
2606,1777214100000,9990.882607695914
2607,1777214400000,9990.882607695914
2608,1777214700000,9990.882607695914
2609,1777215000000,9990.882607695914
2610,1777215300000,9990.882607695914
2611,1777215600000,9990.882607695914
2612,1777215900000,9990.882607695914
2613,1777216200000,9990.882607695914
2614,1777216500000,9990.882607695914
2615,1777216800000,9990.882607695914
2616,1777217100000,9990.882607695914
2617,1777217400000,9990.882607695914
2618,1777217700000,9990.882607695914
2619,1777218000000,9990.882607695914
2620,1777218300000,9990.882607695914
2621,1777218600000,9990.882607695914
2622,1777218900000,9990.882607695914
2623,1777219200000,9990.882607695914
2624,1777219500000,9990.882607695914
2625,1777219800000,9990.882607695914
2626,1777220100000,9990.882607695914
2627,1777220400000,9990.882607695914
2628,1777220700000,9990.882607695914
2629,1777221000000,9990.882607695914
2630,1777221300000,9990.882607695914
2631,1777221600000,9990.882607695914
2632,1777221900000,9990.882607695914
2633,1777222200000,9990.882607695914
2634,1777222500000,9990.882607695914
2635,1777222800000,9990.882607695914
2636,1777223100000,9990.882607695914
2637,1777223400000,9990.882607695914
2638,1777223700000,9990.882607695914
2639,1777224000000,9990.882607695914
2640,1777224300000,9990.882607695914
2641,1777224600000,9990.882607695914
2642,1777224900000,9990.882607695914
2643,1777225200000,9990.882607695914
2644,1777225500000,9990.882607695914
2645,1777225800000,9990.882607695914
2646,1777226100000,9990.882607695914
2647,1777226400000,9990.882607695914
2648,1777226700000,9990.882607695914
2649,1777227000000,9990.882607695914
2650,1777227300000,9990.882607695914
2651,1777227600000,9990.882607695914
2652,1777227900000,9990.882607695914
2653,1777228200000,9990.882607695914
2654,1777228500000,9990.882607695914
2655,1777228800000,9990.882607695914
2656,1777229100000,9990.882607695914
2657,1777229400000,9990.882607695914
2658,1777229700000,9990.882607695914
2659,1777230000000,9990.882607695914
2660,1777230300000,9990.882607695914
2661,1777230600000,9990.882607695914
2662,1777230900000,9990.882607695914
2663,1777231200000,9990.882607695914
2664,1777231500000,9990.882607695914
2665,1777231800000,9990.882607695914
2666,1777232100000,9990.882607695914
2667,1777232400000,9990.882607695914
2668,1777232700000,9990.882607695914
2669,1777233000000,9990.882607695914
2670,1777233300000,9990.882607695914
2671,1777233600000,9990.882607695914
2672,1777233900000,9990.882607695914
2673,1777234200000,9990.882607695914
2674,1777234500000,9990.882607695914
2675,1777234800000,9990.882607695914
2676,1777235100000,9990.882607695914
2677,1777235400000,9990.882607695914
2678,1777235700000,9990.882607695914
2679,1777236000000,9990.882607695914
2680,1777236300000,9990.882607695914
2681,1777236600000,9990.882607695914
2682,1777236900000,9990.882607695914
2683,1777237200000,9990.882607695914
2684,1777237500000,9990.882607695914
2685,1777237800000,9990.882607695914
2686,1777238100000,9990.882607695914
2687,1777238400000,9990.882607695914
2688,1777238700000,9990.882607695914
2689,1777239000000,9990.882607695914
2690,1777239300000,9990.882607695914
2691,1777239600000,9990.882607695914
2692,1777239900000,9990.882607695914
2693,1777240200000,9990.882607695914
2694,1777240500000,9990.882607695914
2695,1777240800000,9990.882607695914
2696,1777241100000,9990.882607695914
2697,1777241400000,9990.882607695914
2698,1777241700000,9990.882607695914
2699,1777242000000,9990.882607695914
2700,1777242300000,9990.882607695914
2701,1777242600000,9990.882607695914
2702,1777242900000,9990.882607695914
2703,1777243200000,9990.882607695914
2704,1777243500000,9990.882607695914
2705,1777243800000,9990.882607695914
2706,1777244100000,9990.882607695914
2707,1777244400000,9990.882607695914
2708,1777244700000,9990.882607695914
2709,1777245000000,9990.882607695914
2710,1777245300000,9990.882607695914
2711,1777245600000,9990.882607695914
2712,1777245900000,9990.882607695914
2713,1777246200000,9990.882607695914
2714,1777246500000,9990.882607695914
2715,1777246800000,9990.882607695914
2716,1777247100000,9990.882607695914
2717,1777247400000,9990.882607695914
2718,1777247700000,9990.882607695914
2719,1777248000000,9990.882607695914
2720,1777248300000,9990.882607695914
2721,1777248600000,9990.882607695914
2722,1777248900000,9990.882607695914
2723,1777249200000,9990.882607695914
2724,1777249500000,9990.882607695914
2725,1777249800000,9990.882607695914
2726,1777250100000,9990.882607695914
2727,1777250400000,9990.882607695914
2728,1777250700000,9990.882607695914
2729,1777251000000,9990.882607695914
2730,1777251300000,9990.882607695914
2731,1777251600000,9990.882607695914
2732,1777251900000,9990.882607695914
2733,1777252200000,9990.882607695914
2734,1777252500000,9990.882607695914
2735,1777252800000,9990.882607695914
2736,1777253100000,9990.882607695914
2737,1777253400000,9990.882607695914
2738,1777253700000,9990.882607695914
2739,1777254000000,9990.882607695914
2740,1777254300000,9990.882607695914
2741,1777254600000,9990.882607695914
2742,1777254900000,9990.882607695914
2743,1777255200000,9990.882607695914
2744,1777255500000,9990.882607695914
2745,1777255800000,9990.882607695914
2746,1777256100000,9990.882607695914
2747,1777256400000,9990.882607695914
2748,1777256700000,9990.882607695914
2749,1777257000000,9990.882607695914
2750,1777257300000,9990.882607695914
2751,1777257600000,9990.882607695914
2752,1777257900000,9990.882607695914
2753,1777258200000,9990.882607695914
2754,1777258500000,9990.882607695914
2755,1777258800000,9990.882607695914
2756,1777259100000,9990.882607695914
2757,1777259400000,9990.882607695914
2758,1777259700000,9990.882607695914
2759,1777260000000,9990.882607695914
2760,1777260300000,9990.882607695914
2761,1777260600000,9990.882607695914
2762,1777260900000,9990.882607695914
2763,1777261200000,9990.882607695914
2764,1777261500000,9990.882607695914
2765,1777261800000,9990.882607695914
2766,1777262100000,9990.882607695914
2767,1777262400000,9990.882607695914
2768,1777262700000,9990.882607695914
2769,1777263000000,9990.882607695914
2770,1777263300000,9990.882607695914
2771,1777263600000,9990.882607695914
2772,1777263900000,9990.882607695914
2773,1777264200000,9990.882607695914
2774,1777264500000,9990.882607695914
2775,1777264800000,9990.882607695914
2776,1777265100000,9990.882607695914
2777,1777265400000,9990.882607695914
2778,1777265700000,9990.882607695914
2779,1777266000000,9990.882607695914
2780,1777266300000,9990.882607695914
2781,1777266600000,9990.882607695914
2782,1777266900000,9990.882607695914
2783,1777267200000,9990.882607695914
2784,1777267500000,9990.882607695914
2785,1777267800000,9990.882607695914
2786,1777268100000,9990.882607695914
2787,1777268400000,9990.882607695914
2788,1777268700000,9990.882607695914
2789,1777269000000,9990.882607695914
2790,1777269300000,9990.882607695914
2791,1777269600000,9990.882607695914
2792,1777269900000,9990.882607695914
2793,1777270200000,9990.882607695914
2794,1777270500000,9990.882607695914
2795,1777270800000,9990.882607695914
2796,1777271100000,9990.882607695914
2797,1777271400000,9990.882607695914
2798,1777271700000,9990.882607695914
2799,1777272000000,9990.882607695914
2800,1777272300000,9990.882607695914
2801,1777272600000,9990.882607695914
2802,1777272900000,9990.882607695914
2803,1777273200000,9990.882607695914
2804,1777273500000,9990.882607695914
2805,1777273800000,9990.882607695914
2806,1777274100000,9990.882607695914
2807,1777274400000,9990.882607695914
2808,1777274700000,9990.882607695914
2809,1777275000000,9990.882607695914
2810,1777275300000,9990.882607695914
2811,1777275600000,9990.882607695914
2812,1777275900000,9990.882607695914
2813,1777276200000,9990.882607695914
2814,1777276500000,9990.882607695914
2815,1777276800000,9990.882607695914
2816,1777277100000,9990.882607695914
2817,1777277400000,9990.882607695914
2818,1777277700000,9990.882607695914
2819,1777278000000,9990.882607695914
2820,1777278300000,9990.882607695914
2821,1777278600000,9990.882607695914
2822,1777278900000,9990.882607695914
2823,1777279200000,9990.882607695914
2824,1777279500000,9990.882607695914
2825,1777279800000,9990.882607695914
2826,1777280100000,9990.882607695914
2827,1777280400000,9990.882607695914
2828,1777280700000,9990.882607695914
2829,1777281000000,9990.882607695914
2830,1777281300000,9990.882607695914
2831,1777281600000,9990.882607695914
2832,1777281900000,9990.882607695914
2833,1777282200000,9990.882607695914
2834,1777282500000,9990.882607695914
2835,1777282800000,9990.882607695914
2836,1777283100000,9990.882607695914
2837,1777283400000,9990.882607695914
2838,1777283700000,9990.882607695914
2839,1777284000000,9990.882607695914
2840,1777284300000,9990.882607695914
2841,1777284600000,9990.882607695914
2842,1777284900000,9990.882607695914
2843,1777285200000,9990.882607695914
2844,1777285500000,9990.882607695914
2845,1777285800000,9990.882607695914
2846,1777286100000,9990.882607695914
2847,1777286400000,9990.882607695914
2848,1777286700000,9990.882607695914
2849,1777287000000,9990.882607695914
2850,1777287300000,9990.882607695914
2851,1777287600000,9990.882607695914
2852,1777287900000,9990.882607695914
2853,1777288200000,9990.882607695914
2854,1777288500000,9990.882607695914
2855,1777288800000,9990.882607695914
2856,1777289100000,9990.882607695914
2857,1777289400000,9990.882607695914
2858,1777289700000,9990.882607695914
2859,1777290000000,9990.882607695914
2860,1777290300000,9990.882607695914
2861,1777290600000,9990.882607695914
2862,1777290900000,9990.882607695914
2863,1777291200000,9990.882607695914
2864,1777291500000,9990.882607695914
2865,1777291800000,9990.882607695914
2866,1777292100000,9990.882607695914
2867,1777292400000,9990.882607695914
2868,1777292700000,9990.882607695914
2869,1777293000000,9990.882607695914
2870,1777293300000,9990.882607695914
2871,1777293600000,9990.882607695914
2872,1777293900000,9990.882607695914
2873,1777294200000,9990.882607695914
2874,1777294500000,9990.882607695914
2875,1777294800000,9990.882607695914
2876,1777295100000,9990.882607695914
2877,1777295400000,9990.882607695914
2878,1777295700000,9990.882607695914
2879,1777296000000,9990.882607695914
